comments,sentiment
"['толсто', 'аж', 'тонко', 'весело']",1
"['казаться', 'это', 'пародия', 'мойти', 'пайтон']",0
"['типичный', 'осада', 'железный', 'войнов', 'крепость', 'имперский', 'кулак']",1
"['просто', 'немного', 'унижение', 'железный', 'плакса']",1
['удивлённый'],1
"['кто', 'интересно', 'читать', 'классно', 'осада', 'жв', 'описать', 'грэм', 'макнилла', 'омнибус', 'железный', 'воин', 'полукровка', 'хонсю']",1
['перевод'],0
"['юмор', 'весь', 'полок', 'смеяться']",1
['ересь'],0
"['госпожа', 'комиссар', 'бдеть', 'дисциплина']",1
"['очень', 'практичный', 'шланг', 'голова', 'входить', 'это', 'дерьмо', 'вкачивать', 'выкачивать']",0
"['какой', 'крыло', 'атасный', 'ребята']",0
"['лоял', 'шланг', 'положить', 'подача', 'варп', 'даста']",0
"['друг', 'просить', 'фула', 'братец', 'грозить', 'инквизиция', 'пожаловаться']",1
"['это', 'нурглячий', 'пиявка', 'атакуй']",0
"['ангел', 'движ', 'пойти']",1
"['знать', 'художник', 'версия', 'член']",1
"['блютуз', 'гарнитур', 'поход']",1
"['одобрить', 'инквизиция']",1
"['одмина', 'волколюба', 'сказать', 'свой', 'саплай']",1
"['выпускной', 'схоля']",0
['лояльность'],0
"['шутка', 'арт', 'потрясный']",1
"['звук', 'неистовый', 'распаление', 'вера', 'критический', 'заряд', 'лазгана']",0
"['стоп', 'картинка', 'мисс', 'декабрь', 'ноябрь', 'это', 'уловка', 'человек', 'верить', 'картинка', 'хотеть', 'испортить', 'недрочабрь']",0
"['разглядеть', 'мефистон', 'справа', 'задний', 'план']",1
"['бояться', 'повеноваться']",1
"['фулла', 'быть', 'первый', 'число']",1
"['пс', 'это', 'девятка', 'тихо', 'вернуть', 'варп', 'дать', 'сила', 'ваала', 'поход']",0
"['это', 'агитационный', 'имперский', 'плакат', 'тип', 'записываться', 'гвардия']",1
"['хороший', 'пикт', 'госпожа']",1
"['ясно', 'близа', 'сп', 'сделать', 'перс', 'свой', 'недо', 'это', 'шутка']",0
"['это', 'модификация', 'кастелян']",0
"['чебурашка', 'механикус']",1
['автоматон'],0
"['почтенный', 'сенатор', 'начало', 'хотеть', 'восхвалять', 'хотеть', 'почтить', 'отец', 'честь', 'объявлять', 'свой', 'срок', 'пост', 'консул', 'начало', 'новый', 'эра', 'эра', 'нравственно', 'добродетель', 'благородство', 'распутство', 'хаос', 'который', 'мы', 'довестись', 'пережить', 'положить', 'конец', 'рим', 'вечный']",0
"['аниматрица', 'вспоминаться']",1
"['восстать', 'машина', 'против', 'человечество']",1
"['дык', 'против']",1
"['чётный', 'день', 'неделя', 'нечётный', 'наоборот']",0
"['рог', 'сигвальда', 'ужасный', 'это', 'безвкусица', 'хаос', 'получить', 'рог', 'крыло', 'летучий', 'мышь', 'приделать', 'оригинальность']",0
"['типичный', 'первый']",0
"['пройти', 'тыс', 'год', 'нарушать', 'женевский', 'конвенция', 'весело']",1
"['шикарный', 'пост', 'перевод', 'осада', 'столица', 'планета', 'робаут', 'выверять', 'приказ', 'организовывать', 'штурм', 'заниматься', 'снабжение', 'войско', 'контингент', 'тот', 'увидеть', 'цирк', 'подвинуть', 'робаут', 'сторонка', 'мочь', 'наблюдать', 'воевать', 'настоящий', 'гач', 'тёмный', 'ангел', 'робаут', 'благоразумно', 'отойти', 'сторона', 'доверешиться', 'профессионал', 'прогадать', 'пара', 'час', 'контингент', 'тот', 'прорваться', 'центр', 'столица', 'дружно', 'взлететь', 'воздух', 'огонь', 'ядерный', 'взрыв', 'вместе', 'верховный', 'магистр', 'разумеется', 'это', 'часть', 'секретный', 'доктрина', 'легион', 'фрагмент', 'бронь', 'боевой', 'брат', 'тот', 'находить', 'течение', 'несколько', 'месяц', 'весь', 'контенент']",1
"['это', 'тот', 'давать', 'нех', 'уничтожение']",1
"['кстати', 'слаанеш', 'эра', 'сигмара', 'реально', 'стать', 'папа', 'мама']",0
"['быть', 'фулгрим', 'сильный', 'выглядеть', 'зигвальда']",0
"['место', 'событие']",0
"['ребята', 'насчёт', 'минька', 'сигвальда', 'поменять', 'нога', 'хвост']",1
"['такса', 'такса', 'фут', 'версия', 'спрашивать']",1
['огонь'],1
"['кто', 'фарит', 'редлосса']",1
"['это', 'кто', 'кхарна', 'сцепиться']",1
"['читер', 'хсм', 'который', 'притворяться', 'крутой', 'собиратель', 'черепов', 'хотя', 'бафф', 'скилловый', 'космодес', 'который', 'свой', 'время', 'обратить', 'внимание', 'бог', 'хаос', 'весь', 'крутость', 'это', 'читерский', 'баффа', 'варп', 'сущность', 'чисто', 'эгоистический', 'цель', 'грубо', 'говорить', 'кхарна', 'красавчик', 'читер']",1
"['друже', 'конец', 'время', 'фб', 'пояснить', 'вроде', 'общий', 'инф', 'прочитать', 'мочь', 'понять', 'предательство', 'теклис']",0
"['космоволк', 'покинуть', 'помещение']",0
"['это', 'многое', 'обьяснять']",0
"['фурри', 'враг', 'народ']",0
"['смерть', 'фурри']",0
"['плохо', 'шарить', 'инглиш', 'поэтому', 'подсказать', 'разговор']",0
"['голос', 'габриэль', 'ангелоса', 'хороший', 'таки', 'актёр', 'озвучка']",0
"['человек', 'фурри', 'кст']",0
"['понять', 'храмовник', 'сын', 'фенрис', 'поделить', 'история', 'объяснить']",1
"['хаосит', 'такой', 'забавный']",1
['ультрамарин'],0
"['кхарна', 'рост', 'примариса']",0
"['робо', 'жопа', 'вместо', 'голова']",0
['субтитр'],0
"['это', 'современный', 'арт']",0
"['обсуждать', 'саня', 'придушить']",1
"['альфария', 'палиться', 'задний', 'фон']",1
"['мнить', 'сангвиние', 'целый', 'рота', 'гач', 'аниме', 'ангел', 'должный', 'сидеть']",0
"['видеть', 'свой', 'брат', 'хорусый']",1
"['ангел', 'видно']",1
"['куча', 'хорусов', 'альфария', 'позади']",0
"['знак', 'расчленитель', 'обслуживать', 'барный', 'стойка']",0
"['это', 'крч', 'пьяный', 'неуравновешенный', 'контузить', 'человек', 'обострение']",1
"['ти', 'хорусый', 'ти', 'хорусый']",1
"['простить', 'говно']",0
"['белые', 'шрам', 'использовать', 'псайкер', 'запрет']",1
"['вроде', 'теплить', 'бом', 'бом', 'терлить', 'бом', 'бом', 'быть', 'использовать', 'псайкер', 'уничтожить', 'легион']",1
"['концовочка', 'удалённый']",0
"['ждать', 'флешгитс', 'стравить', 'волков', 'храмовник', 'причина', 'фурри']",1
"['блэ', 'утро', 'начать', 'есосить', 'влка', 'фенрик', 'ук', 'кто', 'лень', 'писосить', 'волков', 'этожий', 'просто', 'волчатинааа', 'фурриеопство', 'толковый', 'обосцать', 'тот', 'тысяча', 'сынов', 'низзить', 'пострадать', 'прям', 'блм', 'насцать', 'другой', 'орден', 'легион', 'прям', 'никак']",1
"['волк', 'помочь', 'свой', 'брат', 'волк', 'прийтись', 'сломать', 'закон', 'отец', 'волк', 'ибо', 'волк', 'ауфа']",0
"['лев', 'использовать', 'сила', 'фенрис', 'весь', 'первый', 'жопошникнуть', 'первый']",1
"['получаться', 'тысяча', 'сынов', 'использовать', 'сила', 'тизка']",0
"['лицемер', 'взять']",1
"['какой', 'хрен', 'лев', 'волков', 'суета']",0
"['смех', 'слеза']",1
"['кроме', 'фенрис', 'работать', 'тип', 'фильтр', 'волк', 'шрам', 'применять', 'примитивный', 'магия', 'метание', 'молния', 'фаербол', 'тысячник', 'сложный', 'оккультный', 'система', 'который', 'быстрый', 'зашквариться', 'плюс', 'фамильяр', 'натуральный', 'демон', 'защитный', 'контур', 'который', 'тот', 'самый', 'вилка', 'спина', 'воткнуть', 'сожжение', 'просперо', 'книга', 'люция', 'тысячник', 'прямо', 'это', 'сказать', 'развести', 'лох', 'мечник', 'ржать', 'орк']",0
"['жалко', 'дизов', 'вк']",0
"['волков', 'правда', 'другой']",1
"['энергия', 'прошедший', 'дух', 'мир', 'чистый', 'моркай', 'пропускать', 'говно', 'варпа', 'аутист', 'думать', 'маг', 'сынов', 'рунный', 'жрец', 'одинаково', 'работать']",0
"['даун', 'который', 'быть', 'говорить', 'астартёс', 'потерять']",0
"['это', 'ересь']",0
"['левый', 'проткнуть', 'живот', 'правый', 'примарх', 'приказать', 'уничтожить', 'астрономикона']",0
"['псиный', 'псиный']",1
"['лансер', 'сайбер', 'судьбый', 'сколько', 'версия']",1
['гавный'],0
"['ходить', 'легенда', 'жрать', 'еретик', 'ксеносов']",0
"['лайк', 'волк', 'аутист']",1
"['думать', 'баба', 'отдельный', 'броня']",0
"['вахоеб', 'консерватор', 'коммент', 'негодовать', 'интересно', 'наблюдать']",0
"['мир', 'стать', 'преждний']",0
"['александр', 'говорить', 'дорн', 'русс', 'терра', 'прежний', 'считать', 'лицемер']",0
"['этот', 'бессмысленный', 'война', 'кончиться']",0
"['псина', 'орден', 'псиный', 'шутить']",0
"['конь', 'парнокопытный']",1
"['кровь', 'девственница', 'летний', 'выдержка']",0
"['дух', 'фенрис', 'это', 'правда', 'вон', 'время', 'осада', 'рунный', 'жрец', 'призывать']",0
"['варп', 'сила', 'фенрис', 'жрец', 'верить', 'это', 'хотя', 'понимать', 'использовать', 'граница', 'позволять', 'лезть', 'далёкий', 'мочь', 'справиться', 'жаждать', 'отличие', 'тс', 'который', 'дурной', 'батя', 'считать', 'знать', 'всеотец']",1
"['рябяка', 'забывать', 'пропорция', 'наказание', 'соответственно', 'поступок', 'метание', 'молния', 'гадание', 'руно', 'например', 'арест', 'псайкер', 'командир', 'магнус', 'минуточка', 'открыть', 'стабильный', 'варп', 'портал', 'жепеть', 'император', 'помощь', 'высокий', 'офицер', 'легион', 'поубивать', 'куча', 'учёный', 'поломать', 'оборудование', 'похоронить', 'надежда', 'человечество', 'защита', 'варпа', 'блохастый', 'лицемер', 'херня', 'устраивать']",1
"['шутка', 'вроде', 'лев', 'уметь', 'читать']",1
"['русс', 'главный', 'инициатор', 'эдикт', 'говорить', 'хаос', 'победить', 'сила', 'варпа']",1
"['тысячник', 'долбо', 'который', 'спорить', 'малыш', 'самый', 'весёлый', 'малый', 'выносить', 'лола']",1
"['замечательный', 'отмазка', 'это', 'сила', 'фенрис', 'это', 'другой', 'напоминать']",1
"['странно', 'такой', 'читать', 'учёт', 'лев', 'уметь', 'читать', 'волк', 'поле', 'уметь', 'русс', 'инициатор', 'эликт', 'насколько', 'помнить', 'волк', 'крайне', 'любить', 'псайкнр', 'косо', 'смотреть', 'библиарий', 'хотя', 'сам', 'рунный', 'дрец', 'который', 'свой', 'дело', 'легион', 'являться', 'факт', 'библиария', 'бой', 'редко', 'брать', 'интересно', 'группа', 'яро', 'ненавидеть', 'волков', 'читать', 'книга', 'часто', 'приходить', 'момент', 'империум', 'списать', 'планета', 'потеря', 'полка', 'гражданин', 'умерший', 'империум', 'осторожно', 'относиться', 'просперо', 'волчий', 'лорд', 'проявлять', 'рвение', 'стойкость', 'большенство', 'другой', 'орден', 'отступить', 'ось', 'следовать', 'кодекс', 'волк', 'ставить', 'жизнь', 'гражданин', 'империя', 'выше', 'свой', 'приходить', 'туда', 'другой', 'орден', 'приходить', 'помощь', 'считать', 'это', 'бесполезный', 'трата', 'ресурс', 'орден', 'такой']",1
"['вселенная', 'зв', 'оказываться', 'проть', 'криговца', 'взглянуть']",0
['ересь'],0
"['бабомарин', 'задолбать']",0
"['офтартёс', 'ата', 'мир', 'лофадей']",1
"['серый', 'рыцарь', 'черпать', 'сила', 'варпа', 'стержень', 'позволять', 'творить', 'варпа', 'магия', 'который', 'противостоять', 'демон']",1
"['конь', 'фартук']",1
"['магнус', 'это']",0
['лоргар'],0
['мегатрооон'],0
"['пертурабо', 'целиком', 'полностью', 'кусок', 'железо', 'живой', 'стать', 'демоничество']",0
"['кстати', 'таки', 'получиться', 'гвоздь', 'ангрон', 'просто', 'предатель', 'кровь', 'кровавый', 'бог', 'лоргар', 'говорить', 'дескать', 'гвоздь', 'убить', 'превращение', 'демон', 'принц', 'участь', 'спасти', 'арт', 'прежний', 'гвоздь']",1
"['омегон', 'видать']",0
['хиккан'],0
['ува'],0
"['фулгрим', 'баба', 'штол']",0
"['лоргар', 'прям', 'подняться', 'хаос', 'неделимый', 'вряд', 'справиться']",1
['лоргар'],0
['автор'],0
"['фулгрим', 'сифилис']",0
"['первый', 'отлично', 'читаемый', 'особенно', 'руна', 'второй', 'наш', 'жрец', 'никея', 'запрещать']",1
"['фулгрим', 'метатон', 'андертеить', 'смахивать']",1
"['какой', 'красавчик']",0
"['очень', 'крутой', 'работа']",1
['правдивый'],0
"['ниал', 'исакара', 'ор']",1
['лолгарин'],0
"['видеть', 'объявление', 'одинокий', 'кобылка', 'искать', 'свой', 'противогазный', 'наездник', 'телефон', 'спросить', 'комиссар', 'рехтгоффен']",0
['намолить'],0
['насосать'],0
"['глаз', 'козлик']",1
"['лион', 'шоколадный', 'палец', 'док']",1
['шикарный'],1
"['похожий', 'император', 'внешне', 'внушать', 'восхищение', 'свой', 'благость', 'красота', 'буквально', 'золотой', 'мальчик', 'какой', 'мерзость', 'превратиться', 'мдэ', 'это', 'чисто', 'внешне', 'говорить', 'о', 'весь', 'остальной']",1
"['отвратительный', 'эрести']",0
['лоргар'],0
"['ваш', 'это', 'аниме']",1
"['фулгримм', 'какой', 'цыганка', 'превратиться']",1
"['пертурабо', 'демон']",1
"['примарха', 'который', 'присягнуть', 'верность', 'один', 'аспект', 'варпа', 'стать', 'демон', 'принц', 'остальной', 'малый', 'мера', 'подверженный', 'изменение', 'варпа']",0
"['волк', 'тысячник']",0
"['отвалить', 'пиздюлина', 'воронёнок']",1
"['глаз', 'намекать', 'баран']",1
"['лион', 'доткать']",0
"['слева', 'направо']",1
"['годный', 'арт']",1
"['кёрзнуть', 'тип', 'какой', 'точнее', 'душа', 'который', 'затронуть', 'хаос', 'находиться', 'эльдарский', 'камень', 'душа']",1
"['лорган', 'хватать']",0
"['металический', 'чей']",1
['мортарион'],0
['третий'],1
"['это', 'считаться', 'псайкер', 'назвать', 'рунный', 'жрец']",0
"['окрасить', 'тот', 'цвет', 'который', 'окрасить']",1
"['сразу', 'приходить', 'врата', 'хель', 'ака', 'кибернетический', 'воскрешение', 'пассаж', 'железный', 'человек', 'отлично', 'дополнять', 'экстракт']",1
"['галактика', 'существовать', 'огромный', 'количество', 'мистический', 'артефакт', 'широко', 'распространить', 'среди', 'бесчисленный', 'мир', 'флотилия', 'артефакт', 'это', 'априори', 'писать', 'галиматья']",1
"['фулгримка', 'словить']",0
['плохо'],0
"['гв', 'выпускать', 'ролик', 'новый', 'год', 'комьюнити', 'гримдарк', 'умирать', 'этж', 'просто', 'поздравление']",0
"['ждать', 'анонс', 'легион', 'новогодний', 'канибал', 'шрам', 'святой', 'сант']",1
"['оборзель', 'гс', 'ляпнуть']",0
"['волк', 'многое', 'исключение', 'правило', 'считать', 'исключительный', 'сей', 'пора', 'невыносимый', 'больно', 'это', 'принять']",0
"['марш', 'антипрививочник']",0
"['быть', 'сторона', 'жилиман', 'детишки', 'пошутить', 'битва', 'прививочник', 'антипрививочник']",0
"['обалденный', 'арт', 'морт', 'эпичный']",1
"['вести', 'наш', 'легион', 'примарх', 'мортарион']",1
"['великий', 'непривитый', 'очень', 'эпичный', 'точно', 'оправдывать', 'свой', 'статус', 'мрачный', 'жнец']",1
"['мортить', 'смотреть', 'мортить']",1
"['хватить', 'сегодня', 'интернет']",0
"['ржавый', 'вонючка']",1
"['это', 'оф', 'арт']",0
['лион'],0
"['классный', 'арт', 'морт', 'доставлять', 'обчихать', 'свой', 'сосед']",1
"['экран', 'пара', 'село']",1
"['понравиться', 'весёлый', 'ролик', 'арт', 'считать', 'уважаемый', 'специалист', 'коммент', 'пора', 'лечиться']",1
"['копейщик', 'люминуть', 'подарить', 'морской', 'черепашка']",0
"['агрессивный', 'фанат', 'арт', 'фат']",1
"['гнилушка', 'отлично', 'смотреться']",1
['альфария'],0
"['первый', 'пикча', 'изобразить', 'легионер', 'предатель', 'который', 'превращаться', 'легионер', 'предатель']",1
"['альфария', 'омегон']",0
"['чей', 'влажный', 'фантазия', 'делаться', 'сороковник', 'это', 'план', 'альфа', 'легион']",1
"['тот', 'альфария', 'косить', 'хотеть', 'лояльный', 'орден', 'порочить']",0
"['бедный', 'альфалегион', 'кто', 'лень', 'маскироваться', 'творить', 'всякий', 'фигня']",0
"['работать', 'этот', 'маскировка', 'основать', 'пси', 'сила', 'технология']",0
"['фигас', 'годнота']",1
"['лоялист', 'маскироваться', 'альф']",1
"['альфа', 'легионер', 'поддаться', 'хаос', 'остаться', 'сторона', 'человечество', 'изначально', 'хороший', 'побуждение']",1
"['фигас', 'говнота']",1
"['нумерология', 'животворящий', 'делать']",1
['есегуэй'],0
['хэх'],0
"['нормально', 'реж', 'идонет', 'аксессуар', 'спейс', 'мара']",1
"['продаться', 'гв', 'прийтись', 'снова', 'делать', 'новый', 'коробка', 'это', 'промолчать']",0
"['нож', 'носка', 'ботинок', 'присоединить']",1
"['нанотехнология', 'сынок']",0
"['дакка', 'желательно', 'большой']",1
"['силовой', 'кед', 'силовой', 'доспех', 'подворота']",0
"['ого', 'коул', 'найти', 'археотех', 'время', 'тэта', 'совка', 'тупой', 'сжатие', 'максималка']",0
"['млгать', 'орига', 'минька', 'показать']",0
"['гнилушка', 'китайчик', 'хороший']",1
"['новый', 'коллекция']",1
['мда'],0
"['пошутить', 'митол', 'гир']",1
"['приём', 'приём', 'вызывать', 'пояснительный', 'бригада']",1
['щеееееть'],0
"['первый', 'казахский', 'космодесантник']",0
"['красный', 'кроссовок', 'синий', 'корпус']",1
"['бляяяяяять', 'поход', 'лоргар', 'принять', 'ислам']",1
"['второй', 'арт', 'одевать', 'наплечник', 'наплечник', 'носить', 'наплечник', 'пока', 'носить', 'наплечник']",0
"['один', 'конкретика', 'текст', 'прогон', 'вода', 'труба']",0
['слеза'],1
"['вызывать', 'армия', 'примариса', 'лейтенант']",1
['слипнуться'],1
"['знать', 'ересевать', 'бронький', 'нравиться', 'свой', 'изюминка']",1
"['знать', 'откуда', 'взяться', 'копюшон', 'библиарий']",0
"['интересовать', 'новый', 'модель', 'чернокнижник', 'капюшон']",1
"['собсон', 'выглядеть', 'любой', 'релиз', 'примарис', 'хватать', 'надпись', 'полный', 'комплект']",0
"['слабоумный', 'астартёс', 'судить', 'размер', 'гол']",1
"['естественно', 'длинноухий', 'помогать', 'хумана', 'разбирать', 'железный', 'человек']",1
"['око', 'ужас', 'слаанеш', 'ушастый', 'корень', 'вырезать', 'разница', 'цвет', 'былой', 'заслуга']",0
"['ублюдок', 'лола']",0
"['ошейник', 'против', 'психический', 'сила', 'кхорн', 'одобрять']",1
"['рог', 'хит', 'сезон']",0
['юнит'],0
"['неплохо', 'выглядеть', 'рог', 'органично', 'сочетаться', 'вообще', 'удивительный', 'миниатюра', 'слаанешит', 'который', 'минька', 'сам', 'знать', 'тентакль']",0
['каво'],0
"['антагонистка', 'первый', 'сезон', 'могучий', 'рейнджер']",1
"['гв', 'молодец', 'понять', 'женский', 'лицо', 'получаться', 'закрыть', 'тряпочка', 'умно']",1
['подвох'],0
"['транс', 'колдун']",1
"['шамаханский', 'царица']",1
"['человек', 'тэта', 'вообще', 'орк', 'эльдар', 'истребить']",1
"['сначала', 'понять', 'взять', 'вообще', 'понять']",0
"['обычно', 'сверху', 'колдунья', 'снизу', 'колдун']",1
"['ждать', 'прошмандовка', 'хиш']",1
['одобрять'],1
"['ты', 'такой', 'тифон']",1
"['свет', 'зеркальце', 'сказать']",0
"['ебббааааааать', 'неужели', 'хаулера', 'поставить', 'плевалка', 'аносон', 'арт']",1
"['олдскула', 'прям']",1
"['олдовымь', 'арт', 'завеять']",1
"['дожить', 'гримдарковый', 'кодекс', 'дефгард']",0
"['косплеить', 'альф', 'бедный', 'альфа', 'держаться', 'напор', 'столь', 'подлый', 'беспринципный', 'легион', 'лоялист']",0
"['рот', 'примариса']",1
"['чтожий', 'колдун', 'прийтись', 'искать', 'альтернатива', 'начинаться']",0
"['это', 'ублюдок', 'ксеносов', 'крошить']",0
"['это', 'звук', 'лейтенант', 'похоже', 'звук', 'перекат', 'приближаться', 'лейтенант', 'альфария']",0
"['весь', 'альфа', 'легион', 'предатель', 'слышать', 'некоторый', 'альфа', 'легионер', 'сохранить', 'верность', 'император']",1
"['плазменный', 'винтовка', 'фолыкать']",0
"['болтереть', 'тысяча', 'истина']",1
"['прекола', 'простой', 'деревня']",1
"['пояснительный', 'бригада', 'срочно']",0
"['это', 'рояль', 'куст', 'настолько', 'толсто', 'фабия', 'улыбка', 'рожа', 'треснуть', 'ручонка', 'загребущий', 'вспотеть']",1
"['завет', 'огонь', 'никто', 'смутить']",0
"['это', 'фотошоп', 'реально', 'подз']",0
"['дорн', 'уйти']",0
"['глаз', 'явный', 'любитель', 'скин']",1
"['дорн', 'упороть', 'фиолетовый', 'мутант', 'упарывающийся', 'религия', 'расхерачить', 'пол', 'фаланга', 'сарпедон', 'передавать', 'привет', 'ад']",1
"['ребята', 'это', 'жилить', 'запретить', 'коул', 'использовать', 'гоносемя', 'предатель']",1
"['читать', 'ересь', 'технология', 'классный', 'выйти', 'рассказ']",1
"['читать', 'старый', 'земля', 'спойлер', 'вулкан', 'раздробить', 'статуя', 'шевелиться', 'серебряный', 'рука', 'это', 'получаться', 'помощь', 'некротехник', 'часть', 'душа', 'горгон', 'вернуться', 'рука', 'наверно', 'ферусый', 'офигел', 'чувство']",0
"['плюнуть', 'любой', 'лоялист', 'всякий', 'вундервафля', 'карман', 'распихать', 'способный', 'нагибать', 'целый', 'мир', 'ховербайка', 'вернуть']",0
['прикол'],1
"['орден', 'называться', 'сын', 'феникс', 'около', 'феникс', 'называть', 'фулгрим', 'расцветка', 'геральдика', 'напоминать', 'ребёнок', 'император', 'понятно', 'это', 'прикол', 'наследник', 'кулак', 'мысль', 'наводить']",1
"['интересно', 'основа', 'технология', 'случайно', 'богатырь', 'рассказ', 'милосердие', 'дракон']",0
"['томный', 'империум', 'коул', 'говорить', 'жила', 'мол', 'легион', 'который', 'стать', 'предатель', 'часть', 'замысел', 'император', 'поэтому', 'нужно', 'восстановить', 'геносемя', 'иметься', 'жилить', 'это', 'сказать', 'нетъ', 'коул', 'щитый', 'поделать', 'факт', 'должный', 'ребёнок', 'император', 'тысячник', 'миражор', 'несуна', 'общий', 'полный', 'колода']",1
"['уриель', 'вентрис', 'примариса', 'получить', 'примаризация', 'демонический', 'паровоз', 'геймс', 'воркшоп', 'уточнить']",1
"['обычно', 'ждать', 'спойлер', 'хорусый', 'умереть']",0
"['полководец', 'синистереть', 'быть']",0
['филлер'],0
"['френч', 'хотя', 'это']",1
"['пошаговый', 'стратегия', 'описание', 'ход', 'книжка']",0
"['фраза', 'приобретать', 'смысл']",1
"['таки', 'подняться', 'примариса']",0
"['это', 'ожидать']",1
"['глядеть', 'внущительный']",1
"['это', 'сложно', 'собраться', 'хотя', 'три', 'тёмный', 'примарх', 'вместе', 'кокнуть', 'последний', 'верный', 'сын', 'император', 'быть', 'очередь', 'приходить', 'получать', 'пизда', 'убегать', 'затаить', 'обида', 'обещать', 'атамстяттта', 'переодичность', 'один', 'столетие']",0
"['хонсю', 'огонёк', 'заглянуть']",1
"['немного', 'юмор', 'кугата', 'демон', 'нургнуть', 'значит', 'читать']",1
"['интересно', 'итог', 'абба', 'лично', 'прикончить']",0
"['аркадий', 'паровоз']",0
"['юра', 'юра', 'юра']",1
"['вангуй', 'битва', 'дамнос']",1
"['интересно', 'убить', 'мортарион', 'жиллиман']",0
"['капец', 'убогий']",0
['чёткий'],1
"['это', 'реальный', 'официальный', 'минь']",1
"['слишком', 'слой', 'краска', 'голова']",0
"['голова', 'плечо', 'менять', 'менее', 'бесячея', 'хотя', 'вообще', 'вентрис']",1
"['плоскостопие', 'ой', 'степень']",0
"['взгляд', 'первый', 'нормальный', 'арт', 'жилой']",1
"['падажжать', 'третий', 'второй']",1
"['арт', 'жить', 'прям', 'сочный', 'ждать', 'полноформатный']",1
"['пария', 'ден', 'такой', 'намутмл', 'альфа', 'несущий', 'слово', 'упоминание', 'магнус', 'интересно', 'далёкий']",0
"['хвала', 'бог', 'этот', 'книга', 'выйти']",0
['твоюжмать'],0
"['оно', 'стоить', 'титан', 'модель', 'варлорд']",0
"['уррррааааааааааа', 'гришка', 'альфария', 'снова', 'дело']",0
"['жилить', 'заразить', 'божественный', 'чума', 'вернуться', 'русс', 'вылечить', 'мъедом']",0
"['книга', 'происходить', 'титан', 'хаос', 'кто', 'отправить']",0
"['главное', 'дожить']",1
"['угловатый', 'силовой', 'тапка', 'убого', 'смотреться']",1
"['суровый', 'чтиво', 'первый', 'пария', 'дядя', 'дэн', 'собрать', 'сорт', 'хаоситский', 'фекалия', 'один', 'место', 'храм', 'клон', 'биквино', 'собраться', 'продать', 'несущий', 'слово', 'дом', 'госпожа', 'гло', 'сидеть', 'босс', 'качалка', 'ребёнок', 'император', 'который', 'кусок', 'ткань', 'силовой', 'броня', 'сделать', 'гигант', 'доспех', 'развалюха', 'говорящий', 'псина', 'оказаться', 'альфа', 'легионер', 'слово', 'ооочень', 'забавно', 'читать']",1
['уродомарин'],0
"['паровоз', 'карл']",1
"['сколько', 'всякий', 'куйн', 'просыпаться', 'варпа', 'проснуться', 'лояльный', 'примарх']",0
"['это', 'лунный', 'клан']",0
['страчан'],0
"['перевод', 'плиз']",0
"['феликс', 'тёмный', 'эльфийка']",0
"['сестра', 'битва']",1
"['слишком', 'слой', 'краска', 'слишком', 'мало', 'паровоз']",0
['любопытно'],1
"['написать', 'кокнуть', 'бл', 'решить', 'прикалываться', 'механикус']",1
"['написать', 'адекватный', 'человеческий', 'язык', 'словно', 'школьник', 'оригинальный', 'коммент', 'писать']",0
"['вопрос', 'книга', 'прохождение', 'готрик', 'аоса', 'перевести']",0
"['неужели', 'год', 'карл', 'год', 'ждать', 'продолжение', 'пария']",0
"['мелковато', 'гигант', 'дракон', 'демон', 'старое', 'мир', 'новый', 'успеть', 'разный', 'понавырезать']",0
"['это', 'вид', 'ксеносов']",1
"['автобиография', 'босс']",0
"['могущественный', 'проснуться']",0
"['иии', 'разумеется', 'придельный', 'страшный', 'лысый', 'чернокожий', 'сестра', 'центр', 'два', 'белый', 'стоить', 'немного', 'милый', 'красивый', 'немного', 'женственный', 'мочь', 'чернокожий', 'разный', 'расовый', 'пренадлежность', 'столь', 'явный', 'акцент', 'один', 'белокожий', 'сестра', 'стоять', 'впереди', 'два', 'чёрный', 'гнаться', 'понимать']",1
"['наш', 'улица', 'перевернуться', 'лэндрейдер', 'варп', 'конфета']",1
"['новый', 'актуальный', 'ксенология']",1
"['привет', 'детка', 'звать', 'черубаэль']",1
"['эх', 'надеяться', 'выйти', 'адб', 'абнетта', 'написать', 'два', 'книга', 'хотя', 'френч', 'хороший']",0
"['проснуться', 'мб', 'иннеада', 'импить', 'молитва', 'деяние', 'свой', 'верующий', 'таки', 'стать', 'бог', 'горк', 'морк', 'сразу', 'оба', 'решить', 'пастукать', 'сразу']",1
"['это', 'время', 'варпа', 'пробуждаться', 'могущественный', 'хонсю', 'пертурабо', 'пнуть']",1
"['осторожно', 'спойлер', 'намешать', 'клон', 'пария', 'повсюду', 'подавлять', 'аура', 'устройство', 'штамповать', 'храм', 'кулексус', 'чтоль', 'агент', 'альфа', 'легион', 'разрывать', 'рукопашка', 'несущий', 'слово', 'инквизитор', 'лорд', 'ребёнок', 'император', 'доспех', 'лепестковый', 'это', 'набить', 'оскомина', 'организация', 'когнуть', 'рушиться', 'восприятие', 'мир']",0
"['весь', 'альфа', 'легион']",1
"['узнать', 'император', 'это', 'альфария', 'омегон', 'это', 'бог', 'хаос', 'который', 'сам', 'дело', 'горка', 'морк']",0
['помидорк'],0
"['точный', 'омегана']",1
"['сам', 'дело', 'альфарий', 'ламберт', 'ведьмак']",1
"['король', 'жёлтый', 'жирный', 'отсыл', 'лавкрафт']",0
"['слишком', 'сильный', 'заявление']",0
"['твой', 'батя', 'сигарета', 'уйти', 'шутка']",1
"['ясно', 'админ', 'омегон']",0
"['никакой', 'гарантия', 'админ', 'омегон']",0
"['свой', 'стричься']",0
"['никто', 'знать', 'скачать', 'сатурнина']",0
"['шутка', 'который', 'выкупать']",0
"['нечестивый', 'технология']",1
"['механический', 'глаз']",1
"['сам', 'дело', 'альфария', 'небыть', 'главный', 'герой', 'это', 'легионер', 'который', 'гипнотерапия', 'внушить', 'альфария', 'скрывать', 'правда']",0
"['уриэль', 'вентрис', 'пройти', 'рубикон', 'примариса']",1
"['это', 'знать']",1
"['альфария', 'альфария', 'вместе', 'альфария']",0
"['сорроритка', 'белый', 'накидка', 'белый', 'волос', 'должный', 'ниггойя']",0
"['альфария', 'ван', 'пис']",1
"['видеть', 'некоторый', 'дерьмо']",0
"['похожий', 'испортить', 'гей']",0
['примариса'],0
['люминет'],0
"['второй', 'книга', 'выйти']",0
['гитлер'],0
"['гном', 'аоса', 'треножник', 'война', 'мир', 'железный', 'воин', 'машинариум']",0
"['фирменный', 'покрас', 'гв', 'радовать', 'вентрис', 'минька', 'получить']",1
"['думать', 'макнейл', 'убъть', 'место', 'поставить', 'новый', 'примариса']",1
['альфария'],0
['соник'],0
"['типо', 'итог', 'таки', 'живой']",0
['пасиб'],1
"['нууа', 'макнилла', 'обещать', 'обещать', 'хотя', 'потерять', 'надежда', 'хороший', 'подарок', 'наверное', 'следующий', 'год']",0
"['знать', 'перевод', 'русский', 'первый', 'книга']",1
"['заклятый', 'враг', 'легио', 'атарус']",0
"['книга', 'просто', 'переиздать', 'отретконить', 'минимум', 'поправить', 'таймлайна', 'возможно', 'другой', 'бэковыя', 'несостыковка']",1
"['комент', 'удалять', 'альфария', 'напасть']",1
"['оказаться', 'сам', 'дело', 'альфа', 'легионер', 'страдать', 'травматический', 'синдром', 'смерть', 'примарха', 'казаться', 'сей', 'пора', 'вести', 'вкп', 'завоёвывать', 'мир', 'империум', 'объединять', 'человечество', 'освобождать', 'человек', 'власть', 'примитивный', 'тиранический', 'цивилизация', 'спасать', 'удавка', 'религиозный', 'суеверие', 'подготавливать', 'принятие', 'имперский', 'истина']",0
"['дов', 'книга', 'сделать']",0
"['хороший', 'товар', 'рынок', 'имматериум', 'волшебный', 'зеркальце', 'слаанеш', 'туева', 'тысяча', 'год', 'рынок', 'коррапт', 'приобрести', 'лавка', 'фулгрим', 'груша', 'подарок']",1
"['узнать', 'бросать', 'дымовой', 'бомба']",0
"['паровоз', 'приехать', 'калта']",0
"['чувак', 'думать', 'ересь', 'начать', 'читать', 'мочь', 'подсказать', 'начать', 'разница']",0
"['очевидный', 'байт', 'пробуждаться', 'император', 'ставить', 'это', 'иннеяд']",1
"['спалить', 'прийтись', 'работать', 'конспирация']",0
"['сразу', 'видно', 'человек', 'поведать', 'дерьмо']",0
"['оепт', 'начаться', 'девочка', 'красивый', 'прекрасный', 'слащавый', 'астартёс', 'комплекс', 'вампир', 'мочь', 'секс', 'женатый', 'гв', 'делать', 'продвигать', 'тема', 'замкнутый', 'мужицкий', 'братство', 'сплетаться', 'объятие', 'братский', 'попахивать', 'гей', 'парад', 'год', 'повесточка', 'продвигать', 'лгбти', 'жопашник', 'лечь', 'толераный', 'сам', 'начало', 'это', 'факт', 'мешать', 'покупать', 'минька', 'книга', 'кодекс', 'прочий', 'баба', 'красивый', 'ай', 'ай', 'вон', 'ветрис', 'сделать', 'такой', 'понятно', 'хонься', 'сбежать', 'хотя', 'первый', 'книга', 'десна', 'друг', 'друг', 'дышать', 'страсть', 'примарх', 'вон', 'вообще', 'эльдарка', 'крутить', 'вера', 'признать', 'император', 'бог', 'считать', 'удивительно', 'рожа', 'перекосить']",0
"['альфария', 'слить', 'пертурабо']",0
['френч'],0
"['арт', 'нагиева', 'рисовать']",1
"['это', 'время', 'альфарий']",1
"['сам', 'дело', 'литературный', 'новинка', 'представить', 'ниже', 'это', 'альфария']",0
"['альфария', 'это', 'гоша', 'куценко']",0
"['капитан', 'тит', 'вернуться']",0
"['узнать', 'настоящий', 'альфария', 'это', 'время', 'пытаться', 'спасти', 'империум', 'убивать', 'новый', 'альфарий', 'вокруг', 'альфарий', 'вообщий', 'запутаться', 'весь', 'быть']",0
"['вентрис', 'говорить', 'хлебал', 'мать', 'живой']",1
"['пацан', 'катафракт', 'люччие']",1
"['гв', 'раскрыть', 'главный', 'тайна', 'макри', 'разный']",1
"['уирелька', 'выжить', 'трансформация']",0
"['пятый', 'бог']",1
['помолодеть'],0
"['недостаточно', 'дакка']",0
"['быть', 'спойлер', 'книга']",0
"['похоже', 'иакс', 'стать', 'мориаксема']",0
['паровоз'],1
"['мир', 'далёкий', 'будущее', 'нытьё', 'смех', 'тёмный', 'бог']",1
"['глаз', 'мой', 'батя', 'император', 'ножны']",1
"['утро', 'зимой', 'идти', 'выгуливать', 'собака']",0
"['сила', 'фенрис']",1
"['мухтар', 'брат', 'труп', 'возможно', 'ересь', 'кой']",1
"['это', 'новый', 'ксенология', 'ксенос', 'чернокжаменка', 'быть', 'иллюстрация']",1
"['фиксировать', 'разум', 'простой', 'самовнушать', 'фраза', 'повторение', 'уполномоченный', 'оператор', 'запускать']",1
"['сестра', 'анархия', 'захватить', 'плен', 'тау', 'собираться', 'показать', 'ксенос', 'такой', 'истинный', 'вера', 'звучать', 'начало', 'порнофильм']",1
"['ждать', 'перевод', 'постоянно', 'изменяться', 'аксиома']",0
"['сканировать', 'обложка', 'предмет', 'негр']",0
"['гореть', 'свеча', 'книжка', 'это', 'ваховск']",0
"['красиво', 'звучать', 'очень', 'корпус', 'мимиро']",1
"['ребята', 'первый', 'стена', 'сатурнайн', 'перевести']",0
"['интерес', 'серво', 'череп', 'аэльдари', 'караул', 'смерть', 'наследие', 'технология', 'выдумать', 'независимо']",1
"['блин', 'понимать', 'эстетика']",0
"['сразу', 'догнать']",1
"['отсылочки', 'мифология']",0
['укурить'],0
"['голова', 'мимирон']",1
"['называться', 'первый', 'книга', 'серия']",0
"['боец', 'передний', 'план', 'определённо', 'намеренный', 'завалить', 'титан', 'лазгана']",1
"['разъяснить', 'чайник']",1
"['десант', 'отличный', 'расцветка']",0
"['коммент', 'глупый', 'ньюфаг']",1
"['броня', 'пехотинец']",0
"['читать', 'удобно']",1
"['прикол', 'понять', 'позади', 'демон', 'фулгрим', 'вроде']",1
"['откуда', 'весь', 'этот', 'инф', 'мимиро', 'некротеххника', 'тд']",0
"['девица', 'окно', 'прясть', 'поздно', 'вечерком', 'император', 'заходить', 'комната', 'нахер', 'выходить', 'обратно']",0
"['сестра', 'битва', 'совершенно', 'обязательно', 'ловить', 'морда', 'пуля', 'тот', 'думать', 'соприкосновение', 'голова', 'чопой', 'орк', 'неагументировать', 'хумать', 'отделаться', 'брутальный', 'шрам', 'подумать', 'гв', 'прогибаться', 'человек', 'который', 'покупать', 'продукция', 'сначала', 'добавить', 'фигурка', 'нейрозъём', 'который', 'непонятно', 'подключаться', 'запилить', 'весь', 'такой', 'рожа', 'хаоситовый', 'пугать', 'рисовать', 'няшный', 'кровавый', 'ангел', 'ультереть', 'никакой', 'проблема', 'гмо', 'качка', 'объективизировать']",0
['штрафник'],0
"['напоминать', 'боец', 'промитея']",0
"['космодесантник', 'расцветка', 'спина', 'поворачиваться']",0
"['учёт', 'перспектива', 'получаться', 'значительно', 'выше', 'остальной', 'должный', 'один', 'боец', 'рост']",0
"['серебряный', 'стража', 'вернуть', 'цвет', 'савье', 'старинка', 'нарисовать', 'книга', 'круседа', 'мир', 'саббат', 'показать', 'вариант', 'расцветка']",0
"['болтер', 'тактический', 'рукоять']",0
['мощный'],0
"['бла', 'бла', 'бла', 'такой', 'технология', 'бла', 'бла', 'бла', 'это', 'услышать', 'ересь']",1
"['бровь', 'прямо', 'модельный', 'санька']",0
"['наплечник', 'караул', 'смерть', 'мочь', 'отказаться', 'честь']",1
"['бой', 'насмерть', 'который', 'выжить', 'стать', 'сильный']",0
"['командор', 'отправлять', 'калдерис', 'ангелос', 'конец', 'связь']",0
['паровоз'],1
"['рог', 'теклис', 'понимать']",0
"['император', 'услышать', 'молитва', 'услышать', 'дэн', 'неважно', 'ждать', 'перевод', 'общий']",1
"['дорн', 'мёртвый', 'поэтому', 'мнение', 'никто', 'колыхать', 'кто', 'это', 'новость', 'коул', 'империум', 'полно', 'орден', 'геносемя', 'который', 'брать', 'свой', 'начало', 'легион', 'отступник', 'орёл', 'смерть', 'например']",1
"['гоп', 'стоп', 'селестина']",0
"['пятка', 'поднять', 'святость', 'потерять']",0
"['гордиться', 'этот', 'киберхерувим', 'любой', 'непонятный', 'ситуация', 'держать', 'плащ']",1
"['кайн', 'это', 'тот', 'нож', 'метать', 'псайкер', 'свита', 'рейвенор']",1
"['вообще', 'пятка', 'отрывать', 'неудобнож']",0
"['пятка', 'оторвать', 'сектор', 'потерять']",0
"['это', 'просто', 'один', 'технология', 'воткнуть', 'библиарий']",1
"['сфоткай', 'тип', 'герой']",0
"['тема', 'этот', 'европа', 'склеп', 'глубокий', 'камень', 'ребята', 'го', 'горнило']",1
"['выглядеть', 'карлански']",0
"['давать', 'новый', 'омнибус']",1
"['загудеть', 'демонический', 'паровоз']",1
"['чётко', 'внатура', 'чётко']",1
"['альфач', 'омёжка', 'носить', 'броник', 'похожий', 'космодесовский', 'выдать']",1
"['мамкин', 'модник']",0
"['картинка', 'пацан', 'песок', 'утекать', 'сквозь', 'пальцыыыыы']",1
"['резко', 'рост', 'сдать']",0
"['пятка', 'оторвать', 'империум', 'потерять']",0
"['лысый', 'альф']",0
['аглая'],0
['орден'],0
"['народ', 'магос', 'перевести', 'скачать']",1
"['болт', 'встроить', 'пси', 'болтереть', 'серый']",0
"['очень', 'достойный']",0
"['пропорция', 'выйти', 'чат']",0
"['дождаться', 'блин', 'осторожность', 'денчик', 'магос', 'такой', 'намутить', 'грих', 'который', 'несущий', 'нарубить', 'цветочек', 'лепесточек']",0
"['вроде', 'гаунт', 'глаз', 'выжечь', 'бионика']",1
"['гулиман', 'вернуться']",0
['время'],0
['омегон'],0
"['батя', 'купить', 'скотина', 'выбросить', 'отсюда', 'следующий', 'день', 'пройти', 'два', 'неделя']",0
"['примарис', 'болт', 'винтовка', 'вентрис', 'старый', 'болтереть']",1
"['тож', 'тип', 'испивать', 'душа', 'хемерический', 'гибридный', 'прогениум']",0
"['книга', 'такой', 'рука', 'делать', 'перекат']",0
['посмотреть'],1
"['забыть', 'выключить', 'огненный', 'испоганить', 'один', 'ножны']",0
"['жалкий', 'пародия']",0
"['слава', 'император', 'человечество']",1
"['эт', 'весь', 'арт', 'целиком']",1
"['голова', 'сразу', 'заметить']",1
"['столько', 'шланговый', 'живот', 'гной', 'откачивать']",1
"['самый', 'мерзостный', 'еретик', 'интересно', 'рядом', 'такой', 'глушилка', 'варпа', 'заработать', 'растечься', 'остаться', 'форма']",0
"['случайный', 'фото', 'сколько', 'смысл']",0
['самовар'],0
"['какой', 'орден', 'такой', 'расцветка', 'это', 'фанарта']",0
"['самый', 'хороший', 'аниме', 'хороший', 'опенинга', 'классный', 'музыка', 'ржак', 'полный']",1
"['обычно', 'шлем', 'сморить', 'тб', 'шникнуть']",0
"['типичный', 'индус']",1
['смоуга'],0
"['казаться', 'это', 'типичный', 'феменистка']",1
"['откуда', 'арт']",1
"['жахнуть', 'лифт']",1
['переиздавать'],0
"['верминтид', 'сорок', 'тысяча']",1
"['полковник', 'спросить', 'работа', 'сказать', 'делать', 'говорить', 'сказать', 'чертовый', 'гений', 'дать', 'один', 'медаль', 'любить', 'гвардия', 'норк', 'деддог']",0
"['рескин', 'верминтайд', 'урааа']",1
"['отдача', 'лазгановый', 'отдача', 'лазгановый']",0
"['сложно', 'огрин', 'впихнуть', 'физика', 'здоровый', 'тушить', 'резко', 'дёргаться']",0
"['удивление', 'выглядеть', 'дурно', 'выйти', 'игра', 'посмотреть', 'пока', 'претензия']",1
"['такой', 'игра', 'человек', 'переходить', 'точка', 'точка', 'убивать', 'нпс', 'игра', 'провалиться', 'скучный', 'несмотря', 'графония']",0
"['динамика', 'уровень', 'верминтайдас', 'збс', 'уровень', 'спейсхалка', 'красиво', 'крутой', 'ролик']",1
"['хотеться', 'добавить', 'другой', 'персонаж', 'пусть', 'ждать']",1
['игра'],0
"['детство', 'ждать', 'пойти', 'сын', 'показать']",1
"['годнота', 'смотреть', 'марина', 'вступить', 'бой']",0
"['такой', 'равно', 'рад', 'игра']",1
"['мда', 'акула', 'акула']",0
"['блин', 'скиттергейт', 'легенда', 'пройти', 'успеть', 'выход']",0
"['бодрячок', 'немного', 'пустовато', 'полноценный', 'инквизитор', 'марин', 'целое', 'живенько']",1
"['огрин', 'это', 'огрин', 'это', 'надёжно', 'выстрелить', 'жвахнуть', 'кто', 'голова', 'борисиус', 'блейдус', 'вальхалец']",1
"['лезть', 'подулия', 'сдохнуть']",0
"['главное', 'обоссаный', 'пафосный', 'маринад', 'который', 'каждый', 'игра', 'превозмогать']",1
"['требование', 'какой']",0
"['лефтфодэда', 'мир', 'империум']",1
"['адепт', 'маняфантазирование', 'пытаться', 'аналогия', 'отношение', 'который', 'существовать', 'реальный', 'мир']",0
"['вроде', 'заебумба']",1
"['шикарно', 'поиграть']",1
"['куча', 'баба', 'воткнуть', 'дерьмо', 'видно', 'этот', 'игра', 'взлететь']",0
"['бл', 'ремейк', 'файра', 'варриор', 'лчеловек', 'наскучить', 'пилить', 'игра', 'побеждать', 'лоялист']",0
"['тип', 'ересь', 'хорусый', 'время', 'вкп', 'куча', 'различный', 'мир', 'кровавый', 'сражение', 'вселенная', 'вархаммер', 'вспомнить', 'тот', 'коммор', 'туда', 'саламандра', 'высадиться', 'эпик', 'неееееть', 'сделать', 'самый', 'убогий', 'игра', 'обычно', 'ты', 'история', 'падение', 'целый', 'легион', 'ты', 'эльдар', 'двигаться', 'дикий', 'скорость', 'гражданский', 'война', 'война', 'орда', 'хаос', 'неудивительный', 'этот', 'игра', 'малоизвестный', 'знать', 'точно', 'удивиться', 'этот', 'игра', 'провалиться', 'нахрен', 'прокат', 'халтура', 'виднеться', 'весь', 'смочь', 'сделать', 'звук', 'лазгана', 'физика', 'играбельный', 'отличаться', 'лазгана', 'огнестрела', 'нееееть', 'взять', 'обычный', 'звук', 'огнестрела', 'обычный', 'физика', 'огнестрела', 'нацепить', 'лазган', 'тип', 'фаллоут', 'лазерный', 'пушка', 'иметь', 'физика', 'минимальный', 'отдача', 'свой', 'звук', 'выстрел', 'это', 'халтура', 'господин', 'этот', 'игра', 'настоящий', 'халтура', 'фанат', 'очень', 'обидно', 'мочь', 'сделать', 'годный', 'столько', 'год', 'вселенная', 'ждать', 'вкп', 'ересь', 'хорусый', 'совать', 'всякий', 'дерьмо', 'говорить', 'жрать', 'тваринка']",1
"['абаддон', 'стать', 'демонюгойя', 'чкп', 'провести', 'чудик', 'один', 'стать', 'демон']",0
['продать'],0
['смотреться'],1
"['лазган', 'плохо', 'сделать', 'отдача', 'фактически', 'фонарик', 'представлять', 'лазган', 'пушка', 'походить', 'тот', 'вульфинштейн', 'стрелять', 'очередь', 'один', 'долгий', 'луч', 'который', 'выжигать', 'плавить', 'цель']",0
"['смесь', 'верминтайд', 'спейсхалка']",0
"['нуу', 'чета', 'драйвовый', 'наверно', 'максимально', 'генеричный', 'музел', 'фон', 'возможно', 'реально', 'действие', 'мало', 'показать']",0
"['мало', 'понимать', 'ваш', 'як', 'йий', 'але', 'огр', 'був', 'красивый', 'шим', 'нка']",0
"['нормалда', 'лазган', 'пофиксить', 'нож', 'который', 'огрин', 'нарезать', 'хлеб', 'убрать', 'докинуть', 'бронь', 'пушка', 'перс', 'прочее', 'контент']",0
['открываться'],0
"['вместо', 'курильщик', 'слаанешить', 'длинный', 'половой', 'орган', 'хватать', 'утаскивать', 'вместо', 'толстяк', 'последователь', 'нургнуть']",0
"['отдача', 'лазгана', 'серьёзно']",1
"['ныть', 'хотеть', 'этат', 'проект', 'закрыть', 'быть', 'работат', 'ошыпками', 'хотяб', 'похвалить', 'разраб']",0
"['очередной', 'проект', 'который', 'пройти', 'причина', 'отсутствие', 'друг']",0
"['брат', 'имя', 'император', 'спускаться', 'коммент', 'поклонник', 'нургнуть', 'норма']",1
"['гейм', 'касса']",0
"['понравиться', 'хотя', 'место', 'нудноватый', 'целое', 'неплохо']",0
['ябсыграть'],0
"['ого', 'новый', 'верминтид']",1
"['новый', 'часть', 'прекрасный']",1
"['новый', 'обортка']",1
"['кастомизация', 'надеяться', 'облик', 'полк', 'поменять']",1
"['присесть', 'дар', 'сланееш']",0
"['чот', 'забыть', 'это', 'легион']",0
"['красиво', 'лоргар', 'гвардия', 'ворона', 'нормально', 'нарисовать']",1
"['русс', 'дальнобойный', 'оружие', 'ходить']",0
"['галя', 'жрааааать']",0
"['египетский', 'чтоль']",1
"['пожиратель', 'мир']",1
"['это', 'тип', 'ангрон', 'наплечник']",1
"['потрясать', 'арт', 'автор', 'нарисовать', 'степень', 'правильный', 'арт', 'весь', 'направление']",1
"['кхарна', 'косплеить', 'ангрон']",0
"['красивый', 'дорн']",0
['красавчик'],0
"['кратос', 'убить', 'ангрон', 'забрать', 'броня']",0
['адекватный'],1
"['раб', 'гладиатор', 'демоничество']",1
"['похоже', 'ангвуна', 'дреды']",1
"['мочь', 'сабля', 'пистоль', 'выдать']",0
"['топор', 'судить', 'ширина', 'вместо', 'щит']",0
"['это', 'командор', 'данте']",0
"['оружие', 'цепной', 'курить', 'автор']",0
"['стоп', 'пилотопор', 'наплечник', 'тот']",0
['ангрон'],0
"['никто', 'написать', 'первый', 'быть', 'это', 'фростморнъ']",0
"['итак', 'враг', 'увидеть', 'культистый', 'нургнуть', 'счетовод', 'гвардеец', 'главарь', 'топить', 'судить', 'череп', 'пояс', 'кхорный', 'зверь', 'нургнуть', 'великий', 'нечистый', 'право', 'право', 'поправить', 'коммент', 'это', 'кто', 'перепутать', 'узнать', 'тёмный', 'божество', 'бгод']",1
"['император', 'сделать', 'правильно']",1
"['посоветовать', 'игра', 'толковый']",0
"['астартёс', 'погонять']",1
"['напоминать', 'врост', 'морн']",0
"['слишком', 'ламповый', 'выйти', 'начинать', 'скорость', 'геймплей', 'заканчивать', 'анимация']",0
"['каллимматорный', 'прицел', 'лазгана', 'это', 'вообще', 'законно']",0
"['символичный', 'мирожор', 'следовать', 'куча', 'дерьмо']",0
"['дитя', 'отец', 'резня']",0
['блятъ'],0
"['пьяный', 'драка', 'закончиться', 'избеение', 'культистовый']",0
"['чело', 'слева', 'задний', 'план', 'голова', 'порядок', 'башка', 'орешек']",1
"['внутри', 'волк', 'жопошникнуть', 'второй', 'жопошникнуть', 'жопошникнуть']",0
"['волк', 'цирк', 'выступать']",1
"['это', 'бравый', 'космарем', 'точно', 'берсехорный', 'который', 'наслать', 'новый', 'вожак']",1
"['рабочий', 'стол', 'такой', 'подобие']",1
"['игра', 'выйти', 'великий', 'вахоеб', 'обосрали', 'молодец', 'товарищ', 'продолжать', 'дух']",1
"['понять', 'ближний', 'бой', 'использовать', 'самый', 'крайний', 'случай', 'постоянный', 'основа', 'кошмар']",0
"['сделать', 'дом', 'стена']",0
"['легион', 'волк']",0
"['волк', 'форма', 'уробороса', 'магнус', 'минутка', 'пара', 'вопрос', 'ты', 'байла', 'коул']",1
"['радовать', 'арт', 'космический', 'волк']",1
"['собакен', 'породистый', 'наверное', 'имперский', 'псарный']",0
"['интригующий', 'соритка']",0
"['обувь', 'потерять', 'крыло', 'случиться']",0
"['такой', 'бледный']",0
"['альфария', 'альфария', 'сто', 'альфарий', 'вокруг']",1
"['альфария', 'переглядываться']",0
"['это', 'оф', 'арт']",0
"['арт', 'тарантино', 'стать', 'фанат']",1
['бред'],1
"['аббадошка', 'малекитка']",0
['корраптиврейн'],0
['аббабаба'],0
['мерзость'],0
"['применить', 'магия', 'малекит', 'ладный', 'слаанеш', 'одобрять']",0
"['шутка', 'крид', 'кадий', 'стоить', 'актуальный']",0
"['альфария', 'альфария', 'оба', 'альфария']",1
"['сестра', 'безмолвие']",1
"['это', 'абадон']",0
"['интересно', 'чемпион', 'нурглита', 'космодесантник', 'предпочтение', 'понимать', 'реген', 'устойчивость', 'бывать', 'чемпион', 'человек', 'чемпион', 'ксенораса', 'обычный', 'человек', 'стать', 'чемпион', 'нургнуть', 'читать', 'один', 'генерал', 'махариус', 'который', 'обратиться', 'сторона', 'хаос']",1
"['ангрон', 'нурглита']",0
"['бордерлэндс', 'похоже']",1
"['уверить', 'это', 'альфария', 'омегон', 'оба', 'истина']",0
"['зак', 'это', 'молодёжь', 'говорить', 'похожий', 'элитный', 'авангард', 'дело', 'дойти', 'авангард', 'старичок', 'возможно', 'молодёжь', 'тактикаловый', 'порубить', 'фарш', 'либо', 'просто', 'ситуация', 'простой']",1
"['хотеться', 'малекиточка']",0
"['полка', 'кончиться']",0
['ухуук'],0
"['один', 'несостык', 'очко', 'скорпион', 'мужик']",0
['ересь'],0
['одежда'],0
['ересь'],0
"['такой', 'удовольствие', 'давить', 'абаддон', 'ессать']",0
"['календарь', 'нравиться']",1
"['брат', 'стигия', 'ксенарит', 'механикус', 'требовать', 'полный', 'знание', 'пикт', 'снимок']",0
"['тапка', 'проебал']",1
"['привыкать', 'весь', 'календарь', 'новый', 'год', 'ксенофильский', 'таутян', 'хруда', 'орк', 'гибридка', 'генокрад', 'секс', 'кукла', 'некронтир', 'короче', 'засылать', 'караул', 'смерть', 'художник', 'весь', 'орден', 'целиком', 'отдельный', 'рота', 'справиться']",1
"['эльдарка', 'это', 'нормально', 'особенно', 'наш', 'время', 'подпись', 'робаут', 'жилиман']",1
"['чисто', 'хорусый', 'лемона', 'раса', 'сцепиться', 'пьянь', 'испортить', 'весь', 'праздник', 'каждый', 'пятница', 'один']",0
"['пробуждение', 'примарха', 'аэлд', 'человечество', 'обретать', 'новый', 'точка', 'соприкосновение', 'культура', 'быт']",1
['неожиданно'],1
"['человеческий', 'полка', 'закончиться', 'послать', 'ксенораса']",0
"['нафаня', 'сундук', 'украсть']",0
"['третий', 'часть', 'наканецт']",1
"['всратый', 'арт', 'обложка', 'женский', 'роман']",1
"['очередной', 'унылый', 'копия', 'толпа', 'одинаковый', 'враг', 'стена']",0
"['весь', 'календарь', 'скинуть']",1
"['брат', 'распечатать']",1
"['похожий', 'лекса', 'лютор']",1
"['широкий', 'волк']",0
"['народ', 'называться', 'книга', 'который', 'леман', 'ткнуть', 'хоруса', 'заточка', 'бок']",0
"['первый', 'арт', 'глаз', 'сразу', 'бросаться', 'отсутствие', 'щит', 'пёс', 'либо', 'перегрузить', 'либо', 'титан', 'сидеть', 'отбить', 'который', 'поверить']",0
"['третий', 'постер', 'прям', 'хотеться', 'назвать', 'лоуренс', 'марсианский', 'одноимённый', 'лоуренс', 'аравийский']",0
"['понять', 'первый', 'арт', 'альфач', 'погрузить', 'дорога', 'ходить']",1
['херня'],0
"['альфария', 'класс', 'гончий', 'война', 'дурно']",0
"['первый', 'арт', 'красивый', 'бредовый', 'жуть']",0
"['первый', 'арт', 'пусть', 'натяжка', 'сказать', 'титанчик', 'набегать', 'вайтрана']",1
"['арквейд', 'ёлочка', 'нарядиться']",1
['няфистон'],0
"['мефистон', 'аниме']",1
['мефистоняша'],0
"['кровь', 'должный', 'стирать']",0
"['мефистон', 'одобрять']",1
"['данте', 'впасть', 'депрессия', 'увидеть']",0
"['пойти', 'такой', 'вакханалия']",0
"['скинуть', 'обычный', 'арт', 'мефистон']",1
"['соска', 'такой', 'маленький', 'должный', 'сверхчеловеческий']",1
"['перебороть', 'чёрный', 'ярость', 'аниметь']",1
"['автор', 'рисунок']",0
['осуждать'],1
"['арквейд', 'мефистон', 'арквейстон']",0
"['мефистон', 'допримаризироваться']",0
"['видеть', 'куча', 'арт', 'мерсадить', 'олитон', 'эуфатия', 'киилера', 'один', 'арт', 'игнаций', 'каркази', 'несправедливость']",0
"['вспомнить', 'самый', 'яркий', 'секс', 'сегодня']",1
"['увидеть', 'достойный', 'фильм']",1
"['рядом', 'валялост', 'круто']",1
"['форма', 'череп', 'нормальный', 'человек']",1
['утащить'],0
"['очень', 'вдохновлять', 'черта', 'герой', 'миф']",0
"['бездушный', 'стилизовать', 'дизайн', 'ваш', 'лунный', 'принцесса', 'абстрактный', 'анимеблондинка', 'герой', 'ммморпг', 'чей', 'дизайн', 'игрок', 'настраивать', 'пытаться']",1
"['стелс', 'задание', 'гидра', 'цепной', 'рука', 'лицо']",0
"['группа', 'красный', 'крыло', 'описать', 'книга', 'содержать', 'лишь', 'один', 'перворождённый', 'карлан', 'капитан', 'арес', 'капитан', 'стать', 'магистр']",0
"['случай', 'кровавый', 'жажда', 'индомитус', 'робаут', 'курс', 'врать', 'мстить', 'сын', 'рный', 'ярость', 'конкретно', 'примариса', 'случиться', 'тьма', 'кровь', 'мефистон', 'утратить', 'контроль', 'ангел', 'рной', 'ярость', 'битва', 'кирисс', 'случай', 'чя', 'скорее', 'стоить', 'сказать', 'массовый', 'внедрение', 'примарис', 'пройти', 'считать', 'месяц', 'стремительный', 'рост', 'число', 'псайкер', 'психический', 'пробуждение', 'отлично', 'книга', 'начинать', 'резонировать', 'друг', 'друг', 'хотя', 'отметить', 'линия', 'примариса', 'офицер', 'служить', 'примарх', 'бросить', 'вызов', 'данте', 'причём', 'никакой', 'драма', 'тьма', 'кровь', 'данте', 'начн', 'свой', 'аналог', 'индомитус', 'именно', 'расширение', 'недовольный', 'заткн', 'довольно', 'быстро', 'неплохой', 'обзор']",1
"['завязка', 'вроде', 'неплохой', 'писать', 'хейль', 'картон']",1
"['некоторый', 'считать', 'данте', 'слишком', 'старый', 'найса', 'пополнение']",0
"['ядриель', 'убивать', 'арес', 'карлан', 'карлан']",0
"['пять', 'добродетель']",1
"['книга', 'кончаться', 'вирусный', 'бомбардировка', 'планета', 'эвакуировать', 'важный', 'человек', 'практически', 'население', 'погибнуть', 'сказать', 'планета', 'реколонизировать', 'угорь', 'вино', 'быть', 'пить', 'дворянин', 'близкий', 'система']",0
"['святой', 'инквизиция', 'уничтожать', 'потенциально', 'заразить', 'варп', 'житель', 'планета', 'поток', 'говно', 'сторона', 'остановить', 'кровавый', 'ангел', 'делать', 'самый', 'поделать', 'таков', 'цена', 'безопасность', 'империум', 'эх', 'трудный', 'неблагодарный', 'путь', 'святой', 'ордос']",0
"['поработитель', 'заполонить', 'планета']",0
"['поработитель', 'экстерминатус', 'спасать', 'вкп', 'писать', 'древний', 'погибнуть', 'именно', 'поработитель', 'ктан']",0
"['пара', 'сцена', 'который', 'космодесантник', 'находить', 'убивать', 'псайкер', 'либо', 'выслеживать', 'улица', 'столица', 'планета', 'либо', 'убивать', 'концентрационный', 'лагер', 'создать', 'местный', 'отделение', 'астр', 'телепатик', 'классика', 'пойти']",1
"['это', 'лютый', 'мискаста', 'главный', 'протагонист', 'должный', 'азраил', 'ребята', 'ка', 'казаться', 'инородный', 'надежда', 'искоренение', 'кровавый', 'жажда', 'мочь', 'оправдать', 'считать', 'чёрный', 'ярость', 'условный', 'сбой', 'физиология', 'невероятно', 'наивно', 'неужели', 'крайний', 'мера', 'либрариум', 'чёрный', 'ярость', 'явить', 'мета', 'физический', 'природа']",1
"['рисунок', 'официальный', 'фанатский', 'автор', 'рисунок']",1
"['придумать', 'это', 'говно']",0
"['какой', 'яйцо', 'создание', 'варпа', 'ублюдок', 'больной']",0
"['паробатитель', 'похожий', 'мобова', 'диабло', 'основное', 'акт', 'встречаться']",1
"['вместо', 'этот', 'красный', 'крыло', 'первый', 'упоминаться', 'автор', 'запихнуть', 'известный', 'бэковыя', 'орден', 'поедатель', 'плоть', 'например', 'ангел', 'обагрить']",0
"['демон', 'называть', 'император', 'анафема', 'орк', 'отвращение', 'понятно', 'император', 'орк']",0
"['помнить', 'бэк', 'сей', 'пора', 'орк', 'кхорнит', 'орк', 'нурглита']",1
"['это', 'что']",1
['книжка'],0
"['нравиться', 'автор', 'астартёс', 'вдохновить', 'столько', 'фанат', 'такой', 'деятельность', 'надеяться', 'гв', 'мозг', 'осознать', 'благодаря', 'это', 'человек', 'делать', 'очень', 'годный', 'официальный', 'контент']",0
"['бруталый', 'кунин']",0
"['плохой', 'ультрамарин']",0
"['книга', 'маленький', 'глава', 'пиздострадание', 'адмех', 'хсм', 'назвать', 'хороший']",0
"['еле', 'двигаться']",0
"['инквизитор', 'даговера', 'увидеть', 'проявление', 'сила', 'эфраель', 'штерн']",0
"['опанька', 'один', 'мерисьюшка']",0
"['также', 'инквизитор', 'даговера']",0
"['мэрись', 'весь', 'мэрись', 'мэрись']",0
"['йню', 'прочитать', 'короче', 'понять', 'рей', 'мир', 'сказать', 'наш', 'ответ', 'зв']",1
"['нездоровый', 'тенденция', 'вархаммер', 'наркомания', 'пойти']",1
"['шиза', 'спорить', 'чей', 'глюк', 'крутой', 'несущий', 'слово', 'злорадствовать', 'вера', 'миллиард', 'против', 'твой', 'вера', 'один', 'это', 'давать', 'эфраель', 'подсказка', 'слабость', 'несущий', 'слово', 'несущий', 'слово', 'должный', 'использовать', 'вера', 'другой', 'сам', 'сомнение', 'вера', 'недостаточно', 'сильный', 'время', 'вера', 'эфраель', 'штерн', 'непоколебимый', 'пройти']",1
"['такой', 'впечатление', 'сам', 'написать']",1
"['моделька', 'эльдар', 'основа', 'данмер', 'скайрим']",1
"['эфраель', 'штерн']",0
"['стоп', 'друг', 'раса', 'стрёмный', 'чувак', 'пытаться', 'ломать', 'героиня', 'психически', 'тот', 'давать', 'отпор', 'гигантский', 'цитатель', 'планета']",1
"['селестина', 'единственный', 'сороритас', 'который', 'действовать', 'нуль', 'поле', 'типо', 'демон', 'принц', 'император', 'штерн', 'демон', 'значит', 'должный', 'происходить']",1
"['множиться', 'демон', 'принц', 'император', 'баба']",0
"['знать', 'это', 'мс', 'это', 'наверное', 'мощный', 'сайтама']",1
"['подробный', 'откуда', 'сила', 'откуда', 'арлекин', 'арлекин', 'живой', 'неужели', 'вправду', 'друг', 'хотеть', 'почитать', 'библиотека']",1
"['империум', 'мощный', 'псайкер', 'живой', 'святой', 'проводник', 'сила', 'импить']",1
"['спасибо', 'познавательный', 'сразу', 'стать', 'понятно']",1
"['говорить', 'гв', 'ввести', 'новый', 'боевой', 'ресурс', 'псайкерский', 'физический', 'сила', 'вархаммер', 'познать', 'такой', 'сила', 'вера', 'вариант', 'гв', 'вернуться', 'исток', 'писать', 'канон', 'довчик', 'ехидный', 'колобок', 'ряд', 'проникнуть', 'адепт', 'рпц', 'подсказать', 'требовать', 'народ', 'ехидный', 'колобок']",1
"['спасибо', 'перевод', 'глядеть', 'дописать', 'инквизитор', 'дефей', 'сервитор', 'гравьер']",1
"['остаться', 'столкнуть', 'мефистон', 'битва', 'век', 'нетонущий', 'против', 'прозрачный']",1
"['напоминать', 'чак', 'норис']",0
"['представлять', 'полыхать', 'поклонник', 'тысячник', 'пост', 'оказываться', 'сила', 'черпать', 'варпа', 'сам', 'демон', 'это', 'признавать', 'хотя', 'скорее', 'выбрать', 'вилка', 'вариант', 'понять']",1
"['вархамер', 'аниме', 'вс', 'этот', 'ида', 'прич', 'момент', 'эфраэль', 'смочь', 'варпа', 'линейно', 'направлять', 'корабль', 'самый', 'главный', 'бек', 'последний', 'корабль', 'варп', 'направлять', 'четв', 'рка', 'нужно', 'спасать', 'хорусый', 'волча', 'погибель', 'скорее', 'сам', 'конец', 'мстить', 'сын', 'классный', 'момент', 'альфа', 'примус', 'диалог', 'мессаний', 'сказать', 'тот', 'варпа', 'пробудиться', 'великий', 'сила', 'ранний', 'человечество', 'лидер', 'материальный', 'вселенная', 'вс', 'измениться', 'однако', 'наряду', 'тьма', 'пробудиться', 'свет', 'целестин', 'эфраель', 'разный', 'смысл', 'судить', 'весь', 'буквально', 'часть', 'император', 'время', 'целестин', 'единственный', 'пример', 'успешный', 'реализация', 'проект', 'император', 'мефистон', 'немного', 'точно', 'сангвиния', 'уговорить', 'стать', 'сосуд', 'воплощение', 'варпа', 'рной', 'ярость']",0
"['чета', 'похоже', 'вольный', 'фанфик', 'любить', 'оркать']",0
['жуба'],0
"['фбшечка', 'это', 'лайк']",0
"['догадываться', 'это', 'филиал', 'фикбук', 'такой', 'сьюшность', 'ссаный', 'тапка', 'закидать']",1
"['этот', 'отдача', 'лазгановый']",0
"['получиться', 'зохавать', 'тиранид']",0
"['хаос', 'кезда', 'расходиться', 'ребзя']",0
"['спасибо', 'блеванула']",1
"['хентай', 'секуууундочка']",0
"['чета', 'слишком', 'раздутый']",0
"['самый', 'плохой', 'нарисовать', 'губа', 'видеть', 'год', 'переставать', 'удивлять', 'сам', 'конец']",0
"['гадость', 'убрать', 'мой']",0
"['подсказать', 'пожалуйста', 'цикл', 'ересь', 'хорусый', 'дочитать', 'весь', 'роман', 'рассказ', 'волчий', 'погибель', 'русс', 'камикадзе', 'далёкий', 'титаносмерть', 'наличие', 'ладный', 'далёкий', 'становиться', 'понятно', 'какой', 'порядок', 'читать', 'либо', 'погрести', 'кинжал', 'раб', 'тьма', 'либо', 'сначала', 'раб', 'кинжал']",1
"['возвращение', 'сранна', 'сьюхий', 'очень', 'древний']",0
"['миксана', 'нервно', 'покуривпать', 'сторонка']",0
"['ребята', 'нормальный', 'арт', 'самка', 'тау', 'очеловечивание']",1
"['думать', 'зуб', 'выпирать', 'это', 'нижний', 'губа']",0
"['скоро', 'порно', 'появиться']",0
"['портить', 'такой', 'болона', 'еретик', 'чувствовать', 'культ', 'сланеш']",0
"['сразу', 'вялый', 'разлом', 'закрыть', 'сенька', 'шапка', 'всякий', 'культистовый', 'развоплощать']",1
"['передоз', 'слаанешит']",0
"['фу', 'отвратительный', 'нарисовать', 'гетеросексуальность', 'упасть', 'несколько', 'процент']",0
"['техножрица', 'любитель', 'техножрица', 'просвещаться']",1
"['великолепно', 'спасибо']",1
"['блин', 'взрослый', 'женщина', 'возраст', 'увлекаться', 'это', 'извращенок']",1
['живой'],1
"['вырезать', 'прибыть', 'император']",1
"['ваш', 'аниме']",1
"['аниме', 'рисовка']",1
['отвратительный'],0
"['первобытный', 'инстинкт', 'молчать', 'сказать', 'автор']",0
"['ожидать', 'писать', 'аннадейл', 'гигантомания', 'весь', 'краса', 'штерн', 'сам', 'слишком', 'сильный', 'старый', 'бэк', 'новый']",0
"['демон', 'вылезти', 'псайкер', 'какой', 'тело', 'жить', 'варпа', 'вылезать', 'псайкер', 'материум', 'это', 'похоже', 'ксеносов']",0
"['похоже', 'херовый', 'фанфик']",0
"['говориться', 'таусасать']",1
"['такой', 'ощущение', 'прочитать', 'фанфик']",0
"['рота', 'смерть', 'примарис', 'кто', 'хотеть', 'выпилить', 'пойти', 'далёкий', 'хорусый', 'искать', 'левиафан', 'вообще', 'звать', 'шепард', 'помещать', 'галактический', 'экстерминатус', 'красный', 'концовка']",1
"['бедный', 'кал', 'превратить']",0
"['железный', 'война', 'хороший', 'грязь', 'хаос', 'всякий', 'мутация', 'должный', 'эталон', 'космодесант']",1
"['страшный', 'какой', 'тиктокёрша', 'чтоль']",0
"['остаться', 'найти', 'кто', 'бейнблейд', 'император']",1
"['дыня', 'такой', 'огромный', 'эстетично']",0
"['мефистон', 'сильный']",1
"['честно', 'говорить', 'понимать', 'гореть', 'первый', 'появляться', 'всемогущий', 'персонаж', 'учитывать', 'особенность', 'такой', 'необычный']",1
"['прислать', 'значит', 'космоморяк', 'зачищать', 'псайкер', 'самый', 'псайкерский', 'псайкер', 'знак', 'хаос', 'ксенопоклонничество', 'голый', 'тело', 'пароботитель', 'паробастить']",0
['голубец'],0
"['большинство', 'прям', 'слюна', 'изойти', 'рад', 'немногий', 'сильный', 'персонаж', 'сгорать', 'империум', 'хаос', 'вон', 'сынок', 'предатель', 'численный', 'перевес', 'куча', 'демонический', 'шестёрка', 'вообще', 'ре', 'поганый', 'сущность', 'против', 'один', 'полумёртвый', 'император', 'эммм', 'кхарна', 'который', 'никак', 'конёк', 'откинуть', 'являться', 'огромный', 'проблема', 'стоить', 'подобный', 'новость', 'подбросить', 'сразу', 'рояль', 'сыпаться', 'небо', 'считать', 'это', 'справедливо']",1
"['рисовать', 'это', 'лицо', 'какой', 'детский', 'травма', 'возможно', 'который', 'замешать', 'отчим']",0
"['хотя', 'текстура', 'уровень', 'доползти', 'хлеб', 'всратай', 'медлительность', 'просто', 'вырвиглазный']",1
"['тупой', 'дерьмо', 'тупой', 'дерьмо']",0
"['послать', 'нах', 'ть', 'фемишиз', 'ки', 'гв', 'заседать']",0
"['всякий', 'псайкер', 'император', 'чётко', 'говорить', 'жиллиман', 'рот', 'показать', 'жижжито', 'жужелица', 'слюна', 'пустить']",1
"['дух', 'сангвиния', 'немой', 'соединяться', 'гусеница', 'космодесантный']",0
"['это', 'всрато']",0
"['это', 'новый', 'часть', 'выйти', 'вид', 'первый', 'лицо', 'стратегия']",1
"['уродливый', 'перебор']",1
"['хаос', 'год', 'понимать', 'скоро', 'закончиться', 'разойтись', 'дом']",0
"['мдаа', 'чета', 'высокий', 'демон', 'вообще', 'мобова', 'превратиться']",0
"['бог', 'варпа', 'хреноносец', 'хорусый', 'смочь', 'убедить', 'сильный', 'зависимый', 'ничто', 'брать', 'админ', 'дать', 'спойлер', 'чернокожий']",0
"['читать', 'такой', 'невольно', 'всплывать', 'вопрос', 'такой', 'нерушимый', 'защитник', 'какой', 'хрен', 'демон', 'отогнать', 'импить', 'трон', 'освободить', 'примарх', 'варпа', 'вытащить']",0
"['ересь', 'сжечь']",1
"['хавус', 'соснуть', 'проглот', 'галактика', 'быть', 'править', 'бойз']",0
"['нечего', 'нурглита', 'фарма', 'черепов', 'кровь', 'понимать']",0
"['сидеть', 'дурак', 'листать', 'пытаться', 'понять', 'это', 'это', 'авторский', 'персонаж', 'оказываться']",0
"['художник', 'какой', 'трабла']",0
"['пошлость', 'звенящий', 'пошлость', 'серьёзно', 'просто', 'нравиться', 'пропорция', 'выглядеть', 'неестественно', 'гротескно']",0
"['круто', 'решить', 'сделать', 'такой', 'хаосня']",1
"['ставить', 'пацан', 'поддаться', 'слаанеш']",1
"['орк', 'хаос']",1
"['понимать', 'хоситочка', 'цензура', 'пропустить']",0
"['требовать', 'миниатюра', 'данные', 'артам']",0
"['ванючка', 'зог', 'орк', 'вааааааааагха']",1
"['таусянка', 'вопрос']",1
"['просто', 'оставить', 'это']",1
"['общий', 'понятно', 'тот', 'прошлый', 'книга', 'читать', 'очень', 'интересно', 'книга', 'выйти', 'поздно', 'райт', 'бездарь']",1
"['альфария', 'быть']",0
"['заниматься', 'орден', 'первый', 'основание', 'думать', 'сражаться', 'империум', 'новый', 'территория', 'захватывать', 'такой', 'дух']",1
"['дочитать', 'второй', 'книга', 'думать', 'второй', 'закончиться']",0
"['фига', 'это', 'волк', 'стать', 'мощный', 'руный', 'жрец', 'рагнара', 'спасти', 'минька', 'отрабатывать', 'лорд', 'становиться', 'чета']",0
"['эльдрада', 'переживать', 'империум', 'эльдар']",1
"['вопрос', 'тема', 'мёртвый', 'бот', 'просто', 'шахматы', 'катать']",0
"['нихрен', 'терранский', 'морпех', 'приодеть', 'вспоминать', 'доспех', 'судьба', 'фраза', 'вечный', 'заложник', 'скафандр', 'продолжать', 'ржать']",1
"['книга', 'волков', 'держать', 'планка', 'скукотище']",1
"['тау', 'рептилия', 'откуда']",1
"['девачка', 'снова', 'плач']",0
"['очень', 'грустно', 'фига', 'они', 'рожа', 'покрас', 'решать', 'слишком', 'перекатить', 'лилит', 'это', 'позор', 'прям', 'против', 'такой', 'телосложение', 'иметь', 'оно', 'вообще', 'персонаж', 'изящный', 'грациозный', 'ловкий', 'стремительный', 'лёгкий', 'чисто', 'берсакбойбаба', 'который', 'скорее', 'чисто', 'забить', 'этот', 'нож', 'аки', 'ангрон', 'выдать', 'перформанс', 'поражающий', 'небо', 'вект']",0
"['лола', 'лилит', 'лицо', 'съесть', 'отравить', 'лимон', 'девчата', 'вполне', 'симпатичный', 'жить', 'аоса']",1
"['браво', 'гв', 'слепить', 'относительно', 'красивый', 'слаанешит', 'один', 'страшный', 'жирный', 'эльдарка', 'пятидесятый', 'размер', 'нога']",0
['нравиться'],1
"['прям', 'жаль', 'старый', 'минька']",0
"['слаанеш', 'воскреснуть']",0
"['бассейн', 'масло', 'немедленно']",1
"['срач', 'вайф']",0
"['мда', 'прошлый', 'версия', 'минька', 'лилит', 'явно']",0
"['палатин', 'имя', 'битва', 'век', 'нонейм', 'сестра', 'лелита']",0
"['хороший', 'ярл', 'крампус']",1
"['наплечник', 'зелёный', 'ангел', 'декоративный', 'монашеский', 'роба', 'очередной', 'гамбит', 'азраил', 'новый', 'уровень', 'добыча', 'информация', 'альфария', 'крутиться', 'гроб', 'время', 'предатель', 'называть']",1
"['лютереть', 'кукуха', 'поехать']",0
"['тот', 'сторона', 'сражаться']",0
['импить'],0
"['автор', 'михаил', 'савьер']",1
"['император', 'весь', 'год', 'хороший', 'мальчик', 'сайфер', 'решить', 'такой', 'образ', 'тронный', 'зал', 'проникнуть']",1
"['эт', 'кстати', 'арт', 'альтернативный', 'ересь', 'император', 'тёмный', 'бог']",1
"['выглядеть', 'чета', 'молех']",0
"['малькадор', 'новый', 'редкий', 'пикт', 'восстановить', 'цвет', 'частный', 'коллекция']",1
['эббинатор'],0
"['император', 'всемогущий', 'лилит', 'нога', 'толща', 'сестра', 'битва', 'силовой', 'брон']",1
"['император', 'сексуальный']",1
"['мифистон', 'похожий', 'казаться']",1
"['слаанешит', 'завезти', 'обновление', 'ребёнок', 'император']",0
"['сант', 'космодесант']",0
"['лилит', 'какаять', 'огринша', 'печально', 'умереть']",0
"['остальной', 'минька', 'тэ', 'обновлять', 'видимо', 'собираться']",0
"['синтоловый', 'лилит', 'это', 'мда', 'старый', 'минька']",0
"['чтожий', 'новый', 'морталый', 'слаанеш', 'выглядеть', 'очень', 'один', 'всратай', 'минька', 'думать', 'легко', 'заменить']",0
"['лучник', 'бред', 'попробовать', 'отправить', 'отряд', 'лучник', 'против', 'отряд', 'калашников', 'исход', 'очевидный']",1
"['сты', 'мускулистый', 'сильный', 'независимый', 'женщина', 'который', 'начать', 'пихать']",1
"['дед', 'мороз', 'приходить', 'крутой', 'рокер', 'который', 'пропускать', 'репа', 'жечь', 'концерт']",0
"['импить', 'урод', 'сзади']",0
"['поздравить', 'день', 'рождение', 'товарищ']",0
"['др', 'хороший', 'ты', 'админ']",1
"['поздравлять', 'хороший', 'одмена']",1
"['день', 'рождение']",1
"['др', 'хороший']",1
"['это', 'сиська', 'большой']",1
"['благославение', 'слаанеш']",0
"['день', 'рождение', 'поздравлять', 'полностью', 'твой', 'картинка', 'плохой', 'очень', 'поздравлять']",1
"['последний', 'адмэн', 'год', 'день', 'таки', 'лёша']",0
"['желать', 'столько', 'благословение', 'слаанеш', 'сколько', 'год', 'админ']",1
['др'],1
"['день', 'рождение', 'боевой', 'брат', 'сиська', 'понимать', 'попка']",1
"['друже', 'любитель', 'грудь', 'большой', 'высказывать', 'ты', 'самый', 'великое', 'уважение', 'почитать', 'самый', 'добрый', 'слово', 'ты', 'просто', 'тупой', 'знать', 'качественно', 'уметь']",1
"['день', 'рождение', 'мистер', 'админ', 'сиська', 'пожалуйста', 'маленький', 'группа', 'таки']",1
['поздравлять'],1
"['гидра', 'доминатус', 'альфария']",0
"['др', 'короть', 'любить', 'сиська']",0
"['др', 'номер', 'пусть', 'большой', 'хороший', 'ты', 'тзинч', 'принести', 'домой']",1
"['должный', 'это', 'сделать']",1
"['сднём', 'рождение', 'здоровье', 'крепкий', 'верный', 'человек', 'рядом', 'деньга']",1
"['маска', 'чёрный', 'кожа', 'лицо', 'божественный', 'совпадение']",1
"['сумасшедший', 'культ', 'полно']",1
"['день', 'рождение']",1
"['день', 'рождение', 'хороший', 'ты', 'сиська', 'мочь', 'жамкать', 'хотеть']",1
"['нытьё', 'внешке', 'лилит', 'бог', 'нытьё', 'минька']",1
"['это', 'битва', 'трансгендер']",0
"['др', 'желать', 'админ', 'сиська']",1
"['блин', 'снести', 'видео', 'канал', 'ютуба', 'пустой', 'случиться']",0
"['ордый', 'ксенос']",0
"['малти', 'иссекайнуться', 'поход']",1
"['левый', 'правый']",1
['ого'],0
"['обычный', 'эльдарский', 'мужчина']",1
"['хто', 'это', 'неужели', 'какой', 'побратим']",0
"['серый', 'рыцарь', 'хватать']",0
"['кулак', 'жв', 'ультра', 'несуна', 'гвардия', 'ворона', 'альфа', 'волк', 'дарка', 'каждый', 'легион', 'соперник', 'ряд', 'хаоситовый']",0
"['вдуть', 'вдуть', 'хотя', 'разница']",0
"['заклятый', 'друг']",1
"['боевой', 'колобок']",1
"['псиный', 'голова', 'шлем']",1
"['орк', 'получиться']",0
"['день', 'рождение', 'сиська']",1
"['ой', 'это', 'красивый', 'сильный', 'женщина', 'чудо', 'новогодний', 'иначе']",1
"['тёмный', 'ангел', 'первый', 'план', 'похожий', 'джим', 'рейнора']",0
"['лола', 'монкей', 'достаться', 'мечтать', 'просто', 'сосать']",1
"['человек', 'спорить', 'новый', 'старый', 'лилит']",1
"['народ', 'кто', 'книга', 'вулкан', 'владыка', 'змий']",1
['др'],1
"['лев', 'тотошка']",0
['одмена'],0
"['днюха', 'хварай', 'поздравлять', 'короче']",1
"['пат', 'ныть', 'кустодия', 'поделить', 'ноль', 'обнаглеть', 'примарис', 'чсв', 'самый', 'упереть', 'карлан', 'момент', 'вырастить', 'воспитать', 'традиция', 'орден', 'дать', 'типичный', 'орден', 'психокорекция', 'причислить', 'орден', 'лишь', 'геносемя', 'вбить', 'почтение']",0
"['сигизмунд', 'воистину', 'сципион', 'карфаген']",0
['депрессия'],1
"['просто', 'поцеловать', 'прекрасный', 'бретонский', 'принц']",1
['гипножаба'],0
"['глаз', 'лизард']",1
['схуднуть'],0
"['саламандра', 'послать', 'нахер']",0
"['болтереть', 'грардос']",0
"['лорд', 'мандамунди']",0
"['эх', 'ксенофилить']",0
"['примерно', 'стул', 'находиться', 'обычно']",1
"['жабка', 'сделать']",0
"['ультр', 'нахождение', 'примарха', 'прописать', 'фишка', 'поддержка', 'моральный', 'дух', 'смертный', 'солдат', 'волков', 'легион', 'также', 'достигнуть', 'значительный', 'успех', 'независимый', 'операция', 'брать', 'руководство', 'вторичный', 'вспомогательный', 'полка', 'ауксилия', 'империалис', 'быть', 'профессиональный', 'отборный', 'подразделение', 'солярный', 'ауксилия', 'старый', 'сотня', 'набрать', 'добровольно', 'насильно', 'недавно', 'привести', 'согласие', 'мир', 'воинство', 'милиция', 'империалис', 'недовольный', 'это', 'плохо', 'подготовить', 'последний', 'случай', 'легион', 'часто', 'прикреплять', 'полка', 'отделение', 'свой', 'воин', 'качество', 'надзиратель', 'дисциплинарный', 'офицер', 'способный', 'вынести', 'приговор', 'трус', 'вдохнуть', 'храбрость', 'пыл', 'бой', 'время', 'воин', 'многий', 'другой', 'легион', 'отмахиваться', 'такой', 'обязанность', 'неподобающий', 'легионести', 'астартёс']",1
"['автор', 'арт', 'просто', 'походить', 'каблук', 'голый', 'нога', 'сохранить', 'равновесие', 'каблук', 'хук', 'быть', 'отвешивать']",1
"['похорошеть', 'сигмаре']",0
"['подумать', 'точка', 'зрение', 'биология', 'эльдарский', 'мужчина', 'женщина', 'похожий', 'человеческий', 'означать', 'провернуть', 'операция', 'смена', 'пол', 'эльдар', 'простой']",1
"['похудеть', 'заняться', 'спорт', 'молодец', 'уважение', 'такой', 'парень']",1
"['саламандра', 'близкий', 'обычный', 'человек', 'волков', 'высокомерие', 'добродушный']",1
"['прелесть', 'меж', 'авторский', 'цикл', 'налицо', 'хотеть', 'туда', 'тянуть', 'волк', 'крадущийся', 'меж', 'звезда', 'это', 'самый', 'больший', 'операция', 'прикрытие', 'легион', 'астартёс', 'выводить', 'скобка', 'альфа', 'легион', 'волк', 'фенрис', 'являть', 'себя', 'доверенный', 'слуга', 'император', 'ксеноцид', 'рангда', 'самоубийственный', 'волчий', 'погибель', 'показательный', 'однако', 'настоящий', 'палач', 'настоящий', 'оружие', 'судный', 'день', 'тёмный', 'ангел', 'напара', 'лев', 'спрятать', 'тень', 'нужный', 'тот', 'быть', 'тень', 'отбрасывать', 'космический', 'волк', 'стать', 'свой', 'род', 'огромный', 'ширма', 'распитие', 'мёд', 'открытость', 'манера', 'этакий', 'свободолюбец', 'показывать', 'близкий', 'человек', 'тот', 'саламандра', 'скорее', 'защитник', 'человек', 'один', 'например', 'взять', 'мстить', 'сын', 'время', 'осада', 'терра', 'легион', 'кхарна', 'витрана', 'мессания', 'свой', 'брат', 'удерживать', 'цитадель', 'вершина', 'львиный', 'врата', 'кровожад', 'броситься', 'иго', 'витрана', 'брат', 'укрепить', 'себя', 'ряд', 'иго', 'стоять', 'они', 'конец', 'кровожад', 'начать', 'тупо', 'давить', 'число', 'мессания', 'вызвать', 'огонь', 'приказать', 'весь', 'отступать', 'причём', 'первый', 'спасаться', 'иго', 'белые', 'консул', 'выигрывать', 'время', 'время', 'выйти', 'брат', 'хватать', 'мочь', 'аккуратно', 'ранить', 'иго', 'бежать', 'они', 'спасать', 'гибель', 'стоять', 'фраза', 'сказать', 'один', 'предатель', 'ересь', 'простой', 'войско', 'ультрамара', 'слишком', 'время', 'проводить', 'ультрамарин', 'тот', 'они', 'возиться', 'глупец', 'бояться', 'серьёзно', 'собираться', 'дать', 'отпор']",1
['альт'],0
"['дать', 'ссылка', 'книга', 'деревянный', 'найти', 'мочь']",0
"['керза', 'собачка', 'узнать']",1
"['волк', 'воодушевлять', 'смертный', 'войско', 'волков', 'свой', 'комиссар']",1
"['подробный', 'этот', 'товарищ', 'узнать', 'группа']",1
"['каблук', 'ярость']",0
['анимэ'],0
"['ядлить', 'демонюк', 'рисовать', 'поле', 'первый', 'пратии', 'чета', 'затормозить']",0
"['мой', 'любимый', 'группа', 'аниме']",1
"['судить', 'тат', 'скинк', 'лапать']",0
"['космический', 'волк', 'ингвар', 'долго', 'размышлять', 'нужный', 'волк', 'русс', 'прыгать', 'корабль', 'улетать', 'неизвестный', 'направление', 'оставить', 'записка', 'слово']",0
['саламандра'],0
"['ептить', 'комикс', 'поскатя', 'иротичный', 'лизардман', 'насиловать', 'амазонка']",0
"['собака', 'хороший', 'друг', 'человек', 'правильно']",1
"['казаться', 'именно', 'это', 'создаваться', 'проект', 'трелистник', 'типо', 'вкп', 'зерь', 'паутина', 'остальной', 'легион', 'самовыпилиться', 'саламандра', 'волк', 'стать', 'защитник', 'человек', 'время', 'альфа', 'легион', 'карать', 'враг', 'скрытно']",1
"['автор', 'скинуть', 'книга', 'электронке', 'пожалуйста', 'мочь', 'найти', 'скачивание', 'узнать', 'автор']",0
"['вспоминать', 'саламандра', 'близкие', 'простой', 'человек', 'забывать', 'гвардия', 'ворона']",1
"['ксенофил', 'асуждавать']",0
"['йня', 'это', 'храмовник', 'расчленитель', 'соседний', 'фланг', 'это', 'скукота']",0
"['это', 'женщина']",1
"['думать', 'первый', 'капитан', 'волк', 'конец', 'эх']",0
"['дать', 'сотня', 'космический', 'десантник', 'это', 'невозможно', 'дать', 'тысяча', 'другой', 'солдат', 'рогала', 'дорн', 'пока', 'другой', 'смертный', 'солдат', 'считать']",0
"['воздух', 'предательство', 'пропахнуть']",0
"['сфотая', 'типо', 'повелитель', 'калибан']",0
['лютереть'],0
"['лютереть', 'чуять', 'сердце', 'скоро', 'всплыть', 'быть', 'надеяться']",1
['спойлер'],0
"['шутка', 'лютереть', 'лоялист', 'лев', 'предатель']",0
"['адмена', 'етитьт', 'запостить', 'ламия', 'тянка', 'ожидать', 'быть', 'дрочить', 'ошибаться', 'наивный', 'дурак', 'сланее', 'расчехлить', 'пневмопиха']",1
"['хотеть', 'любовь', 'выйти', 'песня', 'сторонник', 'лютер', 'название', 'сожаление', 'сохраниться']",0
"['сменяться', 'другой', 'великий', 'магистр', 'который', 'допрашивать', 'лютер', 'протяжение', 'век', 'становиться', 'фанатичный', 'лютереть', 'видеть', 'тёмный', 'ангел', 'отдаляться', 'свой', 'образ', 'время', 'великий', 'крестовый', 'поход', 'лютереть', 'пытаться', 'сообщить', 'хотеть', 'слушать', 'первый', 'падший', 'диалог', 'каждый', 'магистр', 'лютер', 'пикт', 'цвет']",1
['годнота'],0
"['лицо', 'знакомый']",1
"['эрести', 'тифон', 'отметиться', 'подтвердить', 'свой', 'почётный', 'титул']",0
"['картинка', 'лайкнуть']",1
"['новый', 'порция', 'унижение', 'тот']",1
"['поход', 'чсв', 'обидчивость', 'воин', 'астартёс', 'геносемя', 'вживлять', 'пустить', 'мальчик', 'воевать', 'лола']",1
"['это', 'блин', 'бред', 'похоже', 'высасывание', 'очередной', 'это', 'поворот', 'палец', 'короче', 'быть', 'тот', 'собирать', 'красивый', 'бэковый', 'армия', 'стать', 'какой', 'обсоса', 'нытик', 'лев', 'донна', 'кармелита', 'баня', 'быть', 'хаос', 'гонять', 'прийти', 'стол', 'примариса', 'бэковость', 'игра']",0
"['лютереть', 'использовать', 'колдовство', 'нечестивый', 'татуха', 'помочь', 'выстоять', 'против', 'библиария', 'компания', 'начать', 'захватывать', 'калибан']",1
"['лютереть', 'спасти', 'хранить', 'слушать', 'вместе', 'сайфер', 'последний', 'калибанский', 'зверь', 'читать', 'демон', 'варпа', 'еретик', 'мозг', 'кость', 'редакция', 'аббадон', 'раскаяться', 'примарис', 'дать', 'увидеть', 'клоунада']",1
"['первый', 'часть', 'спойлер']",0
"['эрести', 'тифон', 'желать', 'оформить', 'подписка', 'журнал', 'варпа', 'годовой', 'обречь', 'душа']",1
"['удивительно', 'рассказ', 'фарангейт', 'сжигать', 'книга', 'видимо', 'знать', 'варп', 'хаос']",0
"['пускай', 'лютереть', 'рассказывать', 'добродетить', 'азраил', 'друг', 'место', 'пока', 'жиллиман', 'биться', 'менее', 'отчаянно', 'имперский', 'бюрократия', 'хаосит', 'товарищ', 'азраил', 'использовать', 'недовольство', 'примарх', 'копить', 'сила', 'проталкивать', 'свой', 'агент', 'влияние', 'наводить', 'мост', 'любой', 'чиновник', 'кто', 'власть', 'использовать', 'свой', 'круг', 'примарис', 'манипулировать', 'недовольство', 'бич', 'примарха', 'верховный', 'совет', 'терра', 'хотеть', 'пролезть', 'это', 'нужно', 'честной', 'слуга', 'император', 'немного', 'мало', 'способный', 'дать', 'отпор', 'робаут', 'оказаться', 'предатель', 'галактика', 'гореть', 'великий', 'разлом', 'расколоть', 'небо', 'лес', 'дрова', 'азраил', 'творить', 'ходить', 'расследовать', 'предательство', 'другой', 'тёмный', 'ангел', 'пунктик', 'слово', 'предательство', 'лола', 'это', 'серый', 'рыцарь', 'знать', 'мочь', 'оказаться', 'опасность', 'глубокий', 'раскопать', 'азраил', 'к', 'лул']",1
"['суть', 'свой', 'хорусый']",0
['круто'],1
"['книга', 'описать', 'кто', 'лютереть', 'сбежать']",1
"['один', 'спойлер', 'ошибка', 'правильный', 'вариант', 'азраил', 'также', 'показать', 'самый', 'рассеянный', 'командир', 'тёмный', 'ангел', 'последний', 'несколько', 'тысячелетие', 'лютереть', 'сбегать', 'размышлять', 'азраил', 'забывчивость', 'оставить', 'дверь', 'камера', 'открытый']",1
"['действительно', 'большой', 'добро']",1
"['аппетитный', 'ересь']",1
"['однозначный', 'благо']",1
"['опайный', 'ксенос', 'тяночка']",1
"['тупой', 'довераст', 'извращуг', 'портить', 'атмосфера']",0
['шикарно'],1
"['импить', 'одобрять']",1
"['шедоусан', 'форсайт']",0
['блесседой'],0
"['арт', 'неозаботить', 'автор', 'ставить', 'такой']",1
"['сераса', 'вика', 'обратно', 'терра']",0
"['интересно', 'душнил', 'гримдурка', 'невыносимый', 'дрочильный', 'арт', 'добрый']",1
"['тауснить', 'млекопитающее', 'нака', 'сися', 'член', 'пририсовать']",0
"['новый', 'год']",0
['понять'],0
"['сердечно', 'благодарить', 'дорогой', 'редакция', 'содержательный', 'контент', 'который', 'лихва', 'искупать', 'наличие', 'несодержательный', 'живить', 'долго', 'богато', 'имя', 'император']",0
"['наверное', 'понять', 'интересный', 'тау', 'это', 'трансформера', 'прон', 'они', 'выглядеть', 'менее', 'реалистично']",1
"['год', 'скавена', 'катиться', 'варповой', 'бабушка', 'наступать', 'год', 'бестигор', 'минотавр', 'посон']",0
"['новый', 'год']",0
"['пособие', 'это', 'ересь', 'радикал']",0
"['эй', 'промахнуться']",0
"['эх', 'язык', 'иностранный', 'знать', 'доводить']",0
"['всеотец', 'это', 'также', 'прекрасно']",1
"['понятно', 'ооооочень', 'интересно']",0
"['лажа', 'поговорить', 'разойтись']",1
"['версия', 'альфабусы']",1
['фаворит'],0
"['жирный', 'баба', 'фу', 'мерзот']",0
"['отсылка', 'маунтина', 'пайн', 'священный', 'грааль', 'это', 'прекрасно']",1
"['объяснить', 'вакханалия', 'происходить', 'третий', 'минька', 'выглядеть', 'крайне', 'всрато']",0
['заслуженно'],0
"['тянка', 'крутой', 'пицца', 'пепперони']",1
"['осколок', 'дракон', 'пустота', 'действительно', 'сделать', 'желать', 'время', 'заиметь', 'игра', 'коллекция']",1
"['дракон', 'пустота', 'целиком', 'марс', 'спать', 'вроде', 'время', 'война', 'небо', 'залпом', 'чернокаменнка', 'флот', 'эльдар', 'баинька', 'отправить']",0
"['небольшой', 'ошибка', 'правильный', 'гхаскулла', 'мак', 'урука', 'тхрак']",1
"['дед', 'мороз', 'который', 'заслужить']",1
"['гифка', 'даркхолм', 'вести', 'свой', 'поводок']",0
"['сзади', 'калика']",1
"['нужный', 'караван', 'нургнуть']",1
"['это', 'прекрасно']",1
"['демон', 'приносить', 'мы', 'стафа', 'бодрящий', 'демон', 'стафа', 'настоящий']",1
"['варпа', 'всплакнуть', 'фулгрим']",0
"['орк', 'ждать', 'свой', 'час', 'пока', 'меганубова', 'клеить', 'красота']",0
"['будить', 'ксенофил']",1
"['понимать', 'обязательный', 'пункт', 'приём', 'работа', 'гв', 'это', 'фетиш', 'лысый', 'баба']",1
"['это', 'сегодня']",1
"['комп', 'игра', 'сделать', 'фигурка', 'это', 'рофл']",0
"['обычный', 'маршрутка', 'щёлковский', 'балашиха', 'пятница']",1
"['думать', 'это', 'чей', 'крутой', 'конверсия', 'это', 'официальный', 'модель', 'ава', 'слаанеш']",1
"['бодипозитивный', 'главарь', 'человек', 'доводить']",0
"['имя', 'общий', 'благо', 'ня']",1
"['тест', 'ксенофилия']",1
"['ппц', 'вымя', 'ужос', 'большой', 'добро']",1
"['нажраться', 'оливье']",1
"['слаанешитский', 'лорд', 'огонь', 'вообще', 'интересно', 'новый', 'слаанешить', 'обозначить', 'владыка', 'чревоугодие', 'чревоугодие', 'шесть', 'соблазн', 'слаанеш', 'сигваля', 'однозначно', 'тщеславие', 'ждать', 'лорд', 'похоть', 'жадность', 'понять', 'точно', 'последний', 'обозначить']",1
"['напомнить', 'видос', 'тони']",0
"['явно', 'таусосать']",0
"['практически', 'понятно', 'перевод', 'интересный']",0
['дело'],0
"['кхм', 'тацсасатт']",1
"['член', 'забыть', 'дорисовать']",0
"['повелитель', 'ужин', 'ужас', 'зачеркнуть']",0
['орден'],0
"['туда', 'воевать', 'вроде', 'сзади', 'ломиться']",1
"['какой', 'нургятский', 'культистовый', 'выпиливать']",0
['погнуть'],0
"['новый', 'год']",0
"['косяк', 'фотка', 'примариса', 'пикча', 'находиться', 'альбом', 'астартёс']",0
"['варповыя', 'тентакли', 'голова', 'приходить', 'очевидный', 'способ', 'использование']",1
"['говорить', 'тс', 'тащить', 'артефакт', 'знание', 'который', 'мочь', 'дотянуться', 'пасть', 'сторона', 'тзинч', 'видно', 'самый', 'опасный', 'штукт', 'искренне', 'желать', 'уничтожить']",0
"['пентаграмматический', 'саладовый', 'пятисторонний', 'бувигер', 'гло', 'кай', 'ку', 'здра', 'ште', 'к', 'будлан', 'ла', 'бо', 'кра', 'курдить', 'чит', 'бокрёнок']",1
"['баржа', 'перевозить', 'антипсайкерский', 'вооружение', 'пропасть', 'вести', 'тёмный', 'ангел', 'альфа', 'легион', 'дико', 'орать', 'унисон', 'визг', 'гвардия', 'смерть']",0
"['комментарий', 'очевидный']",1
"['читать', 'пси', 'резиновый', 'тентакли']",1
"['остановить', 'буллинга']",0
"['вопрос', 'заступник', 'болт', 'винтовка', 'бегать', 'откуда', 'плазма']",1
"['простить', 'высокий', 'готика', 'говорить', 'читать', 'ждать', 'перевод']",0
"['это', 'тип', 'пария']",1
"['наверное', 'удобно', 'метровый', 'железка', 'махать', 'коридор']",0
"['омниссия', 'смотреть', 'пикт']",1
"['сороритка', 'механикум', 'свита', 'инквизитор']",1
"['собственно', 'фракция', 'который', 'выходить', 'минька', 'это', 'сникпик', 'дикпик', 'кроме', 'астартёс']",1
"['наш', 'онемэ']",1
['аниме'],1
"['великий', 'бог', 'машина', 'благословить', 'пергамент']",0
"['культ', 'механикус', 'одобрять', 'плотский', 'удовольствие']",0
"['чибить', 'дорн', 'похожий', 'самовар', 'русс', 'морда', 'пустить', 'свой', 'волков', 'любимый', 'библиотека', 'маг']",1
"['дорн', 'такой', 'няшечка']",0
"['удивлённый', 'никто', 'пошутить', 'аббадон', 'рисовка']",0
"['девочка', 'первый', 'кадр']",0
"['это', 'старен', 'отряд', 'интерцессор', 'тактикал', 'серж', 'силовой', 'хеллбластер', 'включить']",0
"['фуля', 'забыть']",0
"['один', 'русс', 'напомнить', 'эдвард', 'стальной', 'алхимик']",0
"['злой', 'девчонка', 'первый', 'пикт']",0
"['нужный', 'чибить', 'корвус']",1
"['фишка', 'отсутствие', 'именно', 'плечо']",0
"['похитить', 'жизненный', 'сила', 'вливаться', 'обратно', 'душа', 'боец']",0
"['статья', 'любимый', 'повелитель', 'ночь']",1
